title_theme,title_index,author,theme,cycle,collection,mss,ff,page
Heroica,Heroica,Flavius Philostratus,Classical Romances,Cycle of Troy,Royal,16. C. xxiii.,ff. 2-69 b,1
Iliaca,Iliaca,Joannes Tzetzes,Classical Romances,Cycle of Troy,Royal,16. C. iv. A. B.,,2
Iliaca,Iliaca,Joannes Tzetzes,Classical Romances,Cycle of Troy,Royal,16. D. iii. A. B.,,2
Iliaca,Iliaca,Joannes Tzetzes,Classical Romances,Cycle of Troy,Harley,Harley 5662.,ff. 1-56,2
Dictys Cretensis,Dictys Cretensis,,Classical Romances,Cycle of Troy,Harley,Harley 3514,,9
Dictys Cretensis,Dictys Cretensis,,Classical Romances,Cycle of Troy,Burney,Burney 170,,9
Dictys Cretensis,Dictys Cretensis,,Classical Romances,Cycle of Troy,Additional,"Add. 15,429",,9
Dares Phrygius,Dares Phrygius,,Classical Romances,Cycle of Troy,Royal,6. C. viii.,ff. 123-133 b,12
Dares Phrygius,Dares Phrygius,,Classical Romances,Cycle of Troy,Royal,10. A. x.,ff. 188-192 b,12
Dares Phrygius,Dares Phrygius,,Classical Romances,Cycle of Troy,Royal,13. A. v.,ff. 88 b-98 b,12
Dares Phrygius,Dares Phrygius,,Classical Romances,Cycle of Troy,Royal,15. A. xxii.,ff. 73-90,12
Dares Phrygius,Dares Phrygius,,Classical Romances,Cycle of Troy,Royal,15. B. xi.,ff. 57-66 b,12
Dares Phrygius,Dares Phrygius,,Classical Romances,Cycle of Troy,Cotton,Caligula B. vii.,ff. 214-218 b,12
Dares Phrygius,Dares Phrygius,,Classical Romances,Cycle of Troy,Cotton,Vitellius A. xiii.,ff. 90,12
Dares Phrygius,Dares Phrygius,,Classical Romances,Cycle of Troy,Cotton,Vitellius C. viii.,ff. 5 b-6 b,12
Dares Phrygius,Dares Phrygius,,Classical Romances,Cycle of Troy,Cotton,Vespasian B. xxv.,ff. 98 b-117,12
Dares Phrygius,Dares Phrygius,,Classical Romances,Cycle of Troy,Cotton,Cleopatra B. v.,ff. 222-250,12
Dares Phrygius,Dares Phrygius,,Classical Romances,Cycle of Troy,Harley,Harley 641.,ff. 1-8,12
Dares Phrygius,Dares Phrygius,,Classical Romances,Cycle of Troy,Burney,Burney 216.,ff. 89-93 b,12
Dares Phrygius,Dares Phrygius,,Classical Romances,Cycle of Troy,Burney,Burney 280.,ff. 20 b-38 b,12
Dares Phrygius,Dares Phrygius,,Classical Romances,Cycle of Troy,Sloane,Sloane 1619,ff. 29-37 b,12
Dares Phrygius,Dares Phrygius,,Classical Romances,Cycle of Troy,Additional,"Add. 10,094.",ff. 1-14 b,12
Dares Phrygius,Dares Phrygius,,Classical Romances,Cycle of Troy,Additional,"Add. 15,042",,12
Dares Phrygius,Dares Phrygius,,Classical Romances,Cycle of Troy,Additional,"Add. 19,709.",ff. 1-7,12
Latin Poems,,"Simon Chèvre d'Or, etc",Classical Romances,Cycle of Troy,,,,27
Roman de Troie,Roman de Troie,Benoît de Sainte-More,Classical Romances,Cycle of Troy,Harley,Harley 4482,,35
Roman de Troie,Roman de Troie,Benoît de Sainte-More,Classical Romances,Cycle of Troy,Additional,Add. 30863,,35
Historia Trojana,Historia Trojana,Guido delle Colonne,Classical Romances,Cycle of Troy,Royal,12. D. iii.,ff. 38-143,40
Historia Trojana,Historia Trojana,Guido delle Colonne,Classical Romances,Cycle of Troy,Royal,13. C. xii.,ff. 6-32 b,40
Historia Trojana,Historia Trojana,Guido delle Colonne,Classical Romances,Cycle of Troy,Royal,15. C. xvi.,ff. 86-145,40
Historia Trojana,Historia Trojana,Guido delle Colonne,Classical Romances,Cycle of Troy,Royal,16. F. ix.,,40
Historia Trojana,Historia Trojana,Guido delle Colonne,Classical Romances,Cycle of Troy,Harley,Harley 51.,ff. 3-105 b,40
Historia Trojana,Historia Trojana,Guido delle Colonne,Classical Romances,Cycle of Troy,Harley,Harley 176,,40
Historia Trojana,Historia Trojana,Guido delle Colonne,Classical Romances,Cycle of Troy,Harley,Harley 3637,,40
Historia Trojana,Historia Trojana,Guido delle Colonne,Classical Romances,Cycle of Troy,Harley,Harley 3681,,40
Historia Trojana,Historia Trojana,Guido delle Colonne,Classical Romances,Cycle of Troy,Harley,Harley 4123.,ff. 50-126,40
Historia Trojana,Historia Trojana,Guido delle Colonne,Classical Romances,Cycle of Troy,Harley,Harley 4387,,40
Historia Trojana,Historia Trojana,Guido delle Colonne,Classical Romances,Cycle of Troy,Lansdowne,Lansdowne 229.,ff. 164,40
Historia Trojana,Historia Trojana,Guido delle Colonne,Classical Romances,Cycle of Troy,Arundel,Arundel 6,ff. 242-342 b,40
Historia Trojana,Historia Trojana,Guido delle Colonne,Classical Romances,Cycle of Troy,Arundel,Arundel 174,,40
Historia Trojana,Historia Trojana,Guido delle Colonne,Classical Romances,Cycle of Troy,Additional,Add. 9785,,40
Historia Trojana,Historia Trojana,Guido delle Colonne,Classical Romances,Cycle of Troy,Additional,"Add. 15,477",,40
Historia Trojana,Historia Trojana,Guido delle Colonne,Classical Romances,Cycle of Troy,Additional,"Add. 22,155",,40
Trojumanna Saga,Trójumanna saga,,Classical Romances,Cycle of Troy,Additional,Add. 4869.,ff. 2-66,62
Rimur af Trojumonnum,Rimur from Trójumanna saga,Jon Jonsson,Classical Romances,Cycle of Troy,Additional,"Add. 11,113.",ff. 171-281,63
Recueil,,Raoul Le Fèvre,Classical Romances,Cycle of Troy,,,,64
Latin History of Troy,History of Troy,,Classical Romances,Cycle of Troy,Burney,Burney 186.,ff. 116-128,66
Filostrato,Filostrato,Boccaccio,Classical Romances,Cycle of Troy,Additional,"Add. 21,246",,67
Troilus and Chryseyde,Troilus and Cryseyde,Chaucer,Classical Romances,Cycle of Troy,Harley,Harley 1239.,ff. 1-62 b,70
Troilus and Chryseyde,Troilus and Cryseyde,Chaucer,Classical Romances,Cycle of Troy,Harley,Harley 2280,,70
Troilus and Chryseyde,Troilus and Cryseyde,Chaucer,Classical Romances,Cycle of Troy,Harley,Harley 2392,,70
Troilus and Chryseyde,Troilus and Cryseyde,Chaucer,Classical Romances,Cycle of Troy,Harley,Harley 3943,,70
Troilus and Chryseyde,Troilus and Cryseyde,Chaucer,Classical Romances,Cycle of Troy,Harley,Harley 4912,,70
Troilus and Chryseyde,Troilus and Cryseyde,Chaucer,Classical Romances,Cycle of Troy,Additional,"Add. 12,044",,70
Troy Book,Troy Book,Lydgate,Classical Romances,Cycle of Troy,Royal,18. D. ii.,ff. 6-146,75
Troy Book,Troy Book,Lydgate,Classical Romances,Cycle of Troy,Royal,18. D. vi.,,75
Troy Book,Troy Book,Lydgate,Classical Romances,Cycle of Troy,Cotton,Augustus A. iv.,,75
Troy Book,Troy Book,Lydgate,Classical Romances,Cycle of Troy,Arundel,Arundel 99,,75
Roman d'Eneas,Roman d'Eneas,,Classical Romances,Cycle of Troy,Additional,"Add. 14,100",,82
Romance of Troy,Romance of Troy,,Classical Romances,Cycle of Troy,Harley,Harley 525.,ff. 1-34 b,84
Romance of Thebes,Romance of Thebes,Lydgate,Classical Romances,,Royal,18. D. ii.,ff. 147 b-162,87
Romance of Thebes,Romance of Thebes,Lydgate,Classical Romances,,Cotton,Cotton Appendix xxvii.,"ff. 11-61; formerly ff. 106-130 b, and xxxix. ff. 80-103 b",87
Romance of Thebes,Romance of Thebes,Lydgate,Classical Romances,,Arundel,Arundel 119,,87
Romance of Thebes,Romance of Thebes,Lydgate,Classical Romances,,Additional,"Add. 18,632.",ff. 5-33,87
"Romance of Jason, from Raoul Le Fèvre (Dutch)",Romance of Jason,,Classical Romances,,Additional,"Add. 10,290.",ff. 2-161,92
Alexandreis,Alexandreis,Gaultier de Châtillon,Classical Romances,Cycle of Alexander,Royal,8. B. iv.,ff. 19-71 b,94
Alexandreis,Alexandreis,Gaultier de Châtillon,Classical Romances,Cycle of Alexander,Royal,15. A. x.,ff. 2-89,94
Alexandreis,Alexandreis,Gaultier de Châtillon,Classical Romances,Cycle of Alexander,Harley,Harley 4745,,94
Alexandreis,Alexandreis,Gaultier de Châtillon,Classical Romances,Cycle of Alexander,Harley,Harley 5437,,94
Alexandreis,Alexandreis,Gaultier de Châtillon,Classical Romances,Cycle of Alexander,Burney,Burney 312,,94
Alexandreis,Alexandreis,Gaultier de Châtillon,Classical Romances,Cycle of Alexander,Additional,"Add. 17,084",,94
Alexandreis,Alexandreis,Gaultier de Châtillon,Classical Romances,Cycle of Alexander,Additional,"Add. 18,217",,94
Alexandreis,Alexandreis,Gaultier de Châtillon,Classical Romances,Cycle of Alexander,Additional,"Add. 22,821",,94
Alexanders Saga,Alexander saga,Brandr Jonsson,Classical Romances,Cycle of Alexander,Additional,"Add. 11,238.",ff. 507-692 b,104
Alexanders Saga,Alexander saga,Brandr Jonsson,Classical Romances,Cycle of Alexander,Additional,"Add. 24,969.",ff. 128 b-151 b,104
"Alexander, abridged from Julius Valerius",Alexandreis,,Classical Romances,Cycle of Alexander,Royal,8. B. iv.,ff. 19-71 b,106
"Alexander, abridged from Julius Valerius",Alexandreis,,Classical Romances,Cycle of Alexander,Royal,15. A. x.,ff. 2-89,106
"Alexander, abridged from Julius Valerius",Alexandreis,,Classical Romances,Cycle of Alexander,Harley,Harley 4745,,106
"Alexander, abridged from Julius Valerius",Alexandreis,,Classical Romances,Cycle of Alexander,Harley,Harley 5437,,106
"Alexander, abridged from Julius Valerius",Alexandreis,,Classical Romances,Cycle of Alexander,Burney,Burney 312,,106
"Alexander, abridged from Julius Valerius",Alexandreis,,Classical Romances,Cycle of Alexander,Additional,"Add. 17,084",,106
"Alexander, abridged from Julius Valerius",Alexandreis,,Classical Romances,Cycle of Alexander,Additional,"Add. 18,217",,106
"Alexander, abridged from Julius Valerius",Alexandreis,,Classical Romances,Cycle of Alexander,Additional,"Add. 22,821",,106
"Alexander, or Historia de Preliis",Alexandreis,,Classical Romances,Cycle of Alexander,Royal,8. B. iv.,ff. 19-71 b,120
"Alexander, or Historia de Preliis",Alexandreis,,Classical Romances,Cycle of Alexander,Royal,15. A. x.,ff. 2-89,120
"Alexander, or Historia de Preliis",Alexandreis,,Classical Romances,Cycle of Alexander,Harley,Harley 4745,,120
"Alexander, or Historia de Preliis",Alexandreis,,Classical Romances,Cycle of Alexander,Harley,Harley 5437,,120
"Alexander, or Historia de Preliis",Alexandreis,,Classical Romances,Cycle of Alexander,Burney,Burney 312,,120
"Alexander, or Historia de Preliis",Alexandreis,,Classical Romances,Cycle of Alexander,Additional,"Add. 17,084",,120
"Alexander, or Historia de Preliis",Alexandreis,,Classical Romances,Cycle of Alexander,Additional,"Add. 18,217",,120
"Alexander, or Historia de Preliis",Alexandreis,,Classical Romances,Cycle of Alexander,Additional,"Add. 22,821",,120
"Marvels of India, etc",Marvels of India,,Classical Romances,Cycle of Alexander,Cotton,Vitellius A. xv.,ff. 109-133 b,131
"Marvels of India, etc",Marvels of India,,Classical Romances,Cycle of Alexander,Arundel,Arundel 242.,ff. 160-182,131
"Treatise on the Brahmins, ascribed to Palladius of Galatia",Treatise on the Brahmins,,Classical Romances,Cycle of Alexander,Arundel,Arundel 546.,ff. 265 b-280 b,134
"Letters of Dindimus the Brahmin, etc",Letters of Dindimus to Alexander the Great,,Classical Romances,Cycle of Alexander,Cotton,Galba E. xi.,ff. 98 b-101 b,136
Alexandreis,Alexandreis,Ulrich von Eschenbach,Classical Romances,Cycle of Alexander,Royal,8. B. iv.,ff. 19-71 b,141
Alexandreis,Alexandreis,Ulrich von Eschenbach,Classical Romances,Cycle of Alexander,Royal,15. A. x.,ff. 2-89,141
Alexandreis,Alexandreis,Ulrich von Eschenbach,Classical Romances,Cycle of Alexander,Harley,Harley 4745,,141
Alexandreis,Alexandreis,Ulrich von Eschenbach,Classical Romances,Cycle of Alexander,Harley,Harley 5437,,141
Alexandreis,Alexandreis,Ulrich von Eschenbach,Classical Romances,Cycle of Alexander,Burney,Burney 312,,141
Alexandreis,Alexandreis,Ulrich von Eschenbach,Classical Romances,Cycle of Alexander,Additional,"Add. 17,084",,141
Alexandreis,Alexandreis,Ulrich von Eschenbach,Classical Romances,Cycle of Alexander,Additional,"Add. 18,217",,141
Alexandreis,Alexandreis,Ulrich von Eschenbach,Classical Romances,Cycle of Alexander,Additional,"Add. 22,821",,141
La Vengeance d'Alexandre,La Vengeance d'Alexandre,,Classical Romances,Cycle of Alexander,Royal,19. D. i.,ff. 47-57,143
Voeux du Paon,Voeux du Paon,,Classical Romances,Cycle of Alexander,Harley,Harley 3992,,146
Voeux du Paon,Voeux du Paon,,Classical Romances,Cycle of Alexander,Arundel,Arundel 230,ff. 181 b,146
Voeux du Paon,Voeux du Paon,,Classical Romances,Cycle of Alexander,Additional,"Add. 16,956",,146
Voeux du Paon,Voeux du Paon,,Classical Romances,Cycle of Alexander,Additional,Add. 30864,,146
Florimont,Florimont,Aimé de Varennes,Classical Romances,Cycle of Alexander,Harley,Harley 3983.,ff. 2-82 b,156
Florimont,Florimont,Aimé de Varennes,Classical Romances,Cycle of Alexander,Harley,Harley 4487.,ff. 3-96,156
Apollonius of Tyre,Apollonius of Tyre,,Classical Romances,,Royal,14. C. xi.,ff. 80-83 b,161
Apollonius of Tyre,Apollonius of Tyre,,Classical Romances,,Royal,20. C. ii.,ff. 210-236,161
Apollonius of Tyre,Apollonius of Tyre,,Classical Romances,,Cotton,Vespasian A. xiii.,ff. 132-147 b,161
Apollonius of Tyre,Apollonius of Tyre,,Classical Romances,,Cotton,Titus D. iii.,ff. 127-137 b,161
Apollonius of Tyre,Apollonius of Tyre,,Classical Romances,,Arundel,Arundel 123.,ff. 33-42 b,161
Apollonius of Tyre,Apollonius of Tyre,,Classical Romances,,Arundel,Arundel 292.,ff. 41-61,161
Apollonius of Tyre,Apollonius of Tyre,,Classical Romances,,Sloane,Sloane 1619,ff. 18-29,161
Apollonius of Tyre,Apollonius of Tyre,,Classical Romances,,Sloane,Sloane 2233,,161
Apollonius of Tyre,Apollonius of Tyre,,Classical Romances,,Additional,Add. 4857.,ff. 28-56 b,161
Apollonius of Tyre,Apollonius of Tyre,,Classical Romances,,Additional,Add. 4864.,ff. 88-114 b,161
Sir Orpheo,Sir Orpheo,,Classical Romances,,Harley,Harley 3810. Part I.,ff. 1-10,171
Athis et Profilias,Roman d'Athis et Profilas,Alexandre de Bernay,Classical Romances,,Additional,"Add. 16,441",,173
Athis et Profilias,Roman d'Athis et Profilas,Alexandre de Bernay,Classical Romances,,Additional,"Add. 16,441",,173
"Titus and Vespasian, a chanson de geste",Titus and Vespasian,,Classical Romances,,Royal,16. E. viii.,ff. 73-102 b,176
"Titus and Vespasian, a chanson de geste",Titus and Vespasian,,Classical Romances,,Cotton,Caligula A. ii.,ff. 111-125,176
"Titus and Vespasian, a chanson de geste",Titus and Vespasian,,Classical Romances,,Cotton,Vespasian E. xvi.,ff. 70-75 b,176
"Titus and Vespasian, a chanson de geste",Titus and Vespasian,,Classical Romances,,Additional,"Add. 10,038.",ff. 2-81 b,176
"Titus and Vespasian, a chanson de geste",Titus and Vespasian,,Classical Romances,,Additional,"Add. 10,289.",ff. 82-121,176
"Titus and Vespasian, a chanson de geste",Titus and Vespasian,,Classical Romances,,Additional,Add. 31042,ff50-66,176
"Titus and Vespasian, an English poem",Titus and Vespasian,,Classical Romances,,Royal,16. E. viii.,ff. 73-102 b,180
"Titus and Vespasian, an English poem",Titus and Vespasian,,Classical Romances,,Cotton,Caligula A. ii.,ff. 111-125,180
"Titus and Vespasian, an English poem",Titus and Vespasian,,Classical Romances,,Cotton,Vespasian E. xvi.,ff. 70-75 b,180
"Titus and Vespasian, an English poem",Titus and Vespasian,,Classical Romances,,Additional,"Add. 10,038.",ff. 2-81 b,180
"Titus and Vespasian, an English poem",Titus and Vespasian,,Classical Romances,,Additional,"Add. 10,289.",ff. 82-121,180
"Titus and Vespasian, an English poem",Titus and Vespasian,,Classical Romances,,Additional,Add. 31042,ff50-66,180
Prophecy of the tenth Sibyl,Prophecy of the Tenth Sibyl,,Classical Romances,,Royal,13. A. xiv.,ff. 244-247,190
Prophecy of the tenth Sibyl,Prophecy of the Tenth Sibyl,,Classical Romances,,Royal,15. A. xxii.,ff. 110-115,190
Prophecy of the tenth Sibyl,Prophecy of the Tenth Sibyl,,Classical Romances,,Royal,15. B. xi.,ff. 67-69,190
Prophecy of the tenth Sibyl,Prophecy of the Tenth Sibyl,,Classical Romances,,Cotton,Caligula A. x.,ff. 200-204,190
Prophecy of the tenth Sibyl,Prophecy of the Tenth Sibyl,,Classical Romances,,Cotton,Caligula B. vii.,"ff. 219, 220",190
Prophecy of the tenth Sibyl,Prophecy of the Tenth Sibyl,,Classical Romances,,Cotton,Vespasian B. xxv.,ff. 117 b-123,190
Prophecy of the tenth Sibyl,Prophecy of the Tenth Sibyl,,Classical Romances,,Cotton,Vespasian E. iv.,ff. 143-147,190
Prophecy of the tenth Sibyl,Prophecy of the Tenth Sibyl,,Classical Romances,,Cotton,Titus D. iii.,ff. 143-147 b,190
Prophecy of the tenth Sibyl,Prophecy of the Tenth Sibyl,,Classical Romances,,Cotton,Domitian xiii.,ff. 104-107,190
Prophecy of the tenth Sibyl,Prophecy of the Tenth Sibyl,,Classical Romances,,Cotton,Domitian xiii.,ff. 132 b-134 b,190
Prophecy of the tenth Sibyl,Prophecy of the Tenth Sibyl,,Classical Romances,,Egerton,Egerton 810,ff. 106-109 b,190
"Life of Virgil, in Icelandic (from the Dutch)",Life of Virgilius,,Classical Romances,,Additional,Add. 4859.,ff. 81 b-91,196
"Life of Virgil, in Icelandic (from the Dutch)",Life of Virgilius,,Classical Romances,,Additional,"Add. 11,141.",ff. 132-147,196
"Albina and her Sisters, or De origine Gigantum",Story of Albina and her Sisters,,British and English Traditions,,Cotton,Nero D. viii.,"ff. 186, 187",198
"Albina and her Sisters, or De origine Gigantum",Story of Albina and her Sisters,,British and English Traditions,,Cotton,Vespasian E. x.,ff. 390 b-392,198
"Albina and her Sisters, or De origine Gigantum",Story of Albina and her Sisters,,British and English Traditions,,Cotton,Titus A. xix.,ff. 103,198
"Albina and her Sisters, or De origine Gigantum",Story of Albina and her Sisters,,British and English Traditions,,Cotton,Cleopatra D. viii.,ff. 3 b-5,198
"Albina and her Sisters, or De origine Gigantum",Story of Albina and her Sisters,,British and English Traditions,,Cotton,Cleopatra D. ix.,"ff. 67, 68",198
"Albina and her Sisters, or De origine Gigantum",Story of Albina and her Sisters,,British and English Traditions,,Harley,Harley 941.,ff. 1-3,198
"Albina and her Sisters, or De origine Gigantum",Story of Albina and her Sisters,,British and English Traditions,,Harley,Harley 2386.,ff. 65 b-67,198
Historia Regum Britannia,Historia Regum Britannia,Geoffrey of Monmouth,British and English Traditions,,Royal,14. C. i.,ff. 80-137,203
Historia Regum Britannia,Historia Regum Britannia,Geoffrey of Monmouth,British and English Traditions,,Royal,15. C. xvi.,ff. 146-183 b,203
Roman de Brut,Roman de Brut,Wace,British and English Traditions,,Royal,13. A. xxi.,ff. 40 b-113,259
Roman de Brut,Roman de Brut,Wace,British and English Traditions,,Cotton,Vitellius A. x.,ff. 19-114 b,259
Roman de Brut,Roman de Brut,Wace,British and English Traditions,,Harley,Harley 6508,,259
Lazamon's Brut,Lazamon's Brut,,British and English Traditions,,Cotton,Caligula A. ix.,ff. 3-194 b,268
Chanson de Brut,Chanson de Brut,,British and English Traditions,,Harley,Harley 1605. Art. I.,,272
Gesta regum Britanniae,Gesta Regum Britannia,Pseudo-Gildas,British and English Traditions,,Cotton,Julius D. xi.,ff. 2-60,274
Brutus,Brutus,,British and English Traditions,,Cotton,Vespasian A. x.,ff. 44 b-51,277
Vita Merlini,Vita Merlini,Geffrey of Monmouth,British and English Traditions,,Royal,13. E. i.,ff. 143-146,278
Vita Merlini,Vita Merlini,Geffrey of Monmouth,British and English Traditions,,Cotton,Julius E. viii.,ff. 12 b-17 b,278
Vita Merlini,Vita Merlini,Geffrey of Monmouth,British and English Traditions,,Cotton,Vespasian E. iv.,ff. 112 b-138 b,278
Vita Merlini,Vita Merlini,Geffrey of Monmouth,British and English Traditions,,Cotton,Titus A. xix.,ff. 63-73 b,278
Vita Merlini,Vita Merlini,Geffrey of Monmouth,British and English Traditions,,Harley,Harley 655.,ff. 200 b-204 b,278
Prophecies of Merlin and others,Prophecies of Merlin and others,,British and English Traditions,,Harley,Harley 1717.,ff. 249 b-250 b,292
"Thomas of Erceldoune, etc",Thomas of Erceldoune,,British and English Traditions,,Cotton,Vitellius E. x.,ff. 240 b-243,328
"Thomas of Erceldoune, etc",Thomas of Erceldoune,,British and English Traditions,,Lansdowne,Lansdowne 762.,"ff. 24-31, 48-58 b, 61 b-71, 75-88",328
Kinge Humber,King Humber,,British and English Traditions,,Additional,Add. 27879 f 248,,339
Saint Graal,Saint Graal,,British and English Traditions,Cycle of Arthur,Royal,14. E. iii.,ff. 3-88 b,340
Saint Graal,Saint Graal,,British and English Traditions,Cycle of Arthur,Royal,19. C. vii.,,340
Saint Graal,Saint Graal,,British and English Traditions,Cycle of Arthur,Additional,"Add. 10,292.",ff. 1-76,340
Merlin,Merlin,,British and English Traditions,Cycle of Arthur,Harley,Harley 6223. Art. I.,,343
Merlin,Merlin,,British and English Traditions,Cycle of Arthur,Harley,Harley 6340,,343
Merlin,Merlin,,British and English Traditions,Cycle of Arthur,Additional,"Add. 10,292.",ff. 76-216 b,343
Merlin,Merlin,,British and English Traditions,Cycle of Arthur,Additional,Add. 27879,ff. 72 b-89,343
Lancelot du Lac,Lancelot du Lac,,British and English Traditions,Cycle of Arthur,Royal,14. E. iii.,ff. 89-161 b,345
Lancelot du Lac,Lancelot du Lac,,British and English Traditions,Cycle of Arthur,Royal,19. B. vii.,,345
Lancelot du Lac,Lancelot du Lac,,British and English Traditions,Cycle of Arthur,Royal,19. C. viii.,,345
Lancelot du Lac,Lancelot du Lac,,British and English Traditions,Cycle of Arthur,Royal,20. B. xix.,,345
Lancelot du Lac,Lancelot du Lac,,British and English Traditions,Cycle of Arthur,Royal,20. C. vi.,,345
Lancelot du Lac,Lancelot du Lac,,British and English Traditions,Cycle of Arthur,Royal,20. D. iii.,,345
Lancelot du Lac,Lancelot du Lac,,British and English Traditions,Cycle of Arthur,Royal,20. D. iv.,,345
Lancelot du Lac,Lancelot du Lac,,British and English Traditions,Cycle of Arthur,Harley,Harley 4419,,345
Lancelot du Lac,Lancelot du Lac,,British and English Traditions,Cycle of Arthur,Harley,Harley 6341,,345
Lancelot du Lac,Lancelot du Lac,,British and English Traditions,Cycle of Arthur,Lansdowne,Lansdowne 757,,345
Lancelot du Lac,Lancelot du Lac,,British and English Traditions,Cycle of Arthur,Additional,"Add. 10,293",,345
Lancelot du Lac,Lancelot du Lac,,British and English Traditions,Cycle of Arthur,Additional,"Add. 10,294",,345
Lancelot du Lac,Lancelot du Lac,,British and English Traditions,Cycle of Arthur,Additional,"Add. 17,443",,345
Tristram,Tristram,,British and English Traditions,Cycle of Arthur,Royal,20. D. ii.,,356
Tristram,Tristram,,British and English Traditions,Cycle of Arthur,Harley,Harley 49,,356
Tristram,Tristram,,British and English Traditions,Cycle of Arthur,Harley,Harley 4389,,356
Tristram,Tristram,,British and English Traditions,Cycle of Arthur,Additional,Add. 5474,,356
Tristram,Tristram,,British and English Traditions,Cycle of Arthur,Additional,"Add. 23,829",,356
Tristram,Tristram,,British and English Traditions,Cycle of Arthur,Egerton,Egerton 989,,356
Meliadus,Meliadus,,British and English Traditions,Cycle of Arthur,Additional,"Add. 12,228",,364
Guiron le Courtois,Guiron le Courtois,,British and English Traditions,Cycle of Arthur,Additional,"Add. 23,930.",ff. 1-87 b,369
Prophecies de Merlin,Prophecies de Merlin,,British and English Traditions,Cycle of Arthur,Harley,Harley 1629,,371
Prophecies de Merlin,Prophecies de Merlin,,British and English Traditions,Cycle of Arthur,Additional,"Add. 25,434",,371
"Meriadoc, and Gawain",Meriadoc and Gawain,,British and English Traditions,Cycle of Arthur,Cotton,Faustina B. vi.,ff. 2-40 b,374
Perceforest,Perceforest,,British and English Traditions,Cycle of Arthur,Royal,15. E. v.,,377
Perceforest,Perceforest,,British and English Traditions,Cycle of Arthur,Royal,19. E. ii.,,377
Perceforest,Perceforest,,British and English Traditions,Cycle of Arthur,Royal,19. E. iii.,,377
Artus de Bretagne,Artus de Bretagne,,British and English Traditions,Cycle of Arthur,Additional,"Add. 10,295",,382
Cleriadus et Meliadice,Cleriadus et Meliadice,,British and English Traditions,Cycle of Arthur,Royal,20. C. ii.,ff. 1-209 b,383
"Birth of Merlin, in French verse",Birth of Merlin,,British and English Traditions,Cycle of Arthur,Arundel,Arundel 220. Art. L,,384
"Merlin, in English verse",Merlin,,British and English Traditions,Cycle of Arthur,Harley,Harley 6223. Art. I.,,385
"Merlin, in English verse",Merlin,,British and English Traditions,Cycle of Arthur,Harley,Harley 6340,,385
"Merlin, in English verse",Merlin,,British and English Traditions,Cycle of Arthur,Additional,"Add. 10,292.",ff. 76-216 b,385
"Merlin, in English verse",Merlin,,British and English Traditions,Cycle of Arthur,Additional,Add. 27879,ff. 72 b-89,385
"Sir Gawain and the Green Knight, and other similar English poems",Sir Gawain and the Green Knight,,British and English Traditions,Cycle of Arthur,Cotton,Nero A. x.,ff. 90 b-126,387
Iwein,Iwein,Hartmann von Aue,British and English Traditions,Cycle of Arthur,Additional,"Add. 19,554.",ff. 57-100 b,390
Ywain and Gawain,Ywain and Gawain,,British and English Traditions,Cycle of Arthur,Cotton,Galba E. ix.,ff. 4-25,392
"Peredur ab Efrawc, and Parcevals saga",Peredur ab Efrawc,,British and English Traditions,Cycle of Arthur,Additional,"Add. 14,907.",ff. 149-167,395
"Sir Lancelot of Dulake, and King Arthur and the King of Cornwall",Sir Lancelot of Dulake,,British and English Traditions,Cycle of Arthur,Additional,Add. 27879,"ff. 10-14, 16, 17",397
Wigalois,Wigalois,Wirnt von Gravenberg,British and English Traditions,Cycle of Arthur,Additional,"Add. 19,554.",ff. 2-56 b,398
Lybeaus Desconus,Lybeaus Desconus,,British and English Traditions,Cycle of Arthur,Cotton,Caligula A. ii.,ff. 42 b-57,400
Gabons saga ok Vigoles,Gabons saga ok Vigolea,,British and English Traditions,Cycle of Arthur,Additional,"Add. 11,157.",ff. 1-46 b,402
Ereks saga Artuskappa,Ereks saga Artuskappa,,British and English Traditions,Cycle of Arthur,Additional,Add. 4859.,ff. 66-74 b,403
"Boy and Mantle, and Mottuls saga",Boy and Mantle,,British and English Traditions,Cycle of Arthur,Additional,Add. 27879,"ff140, 141",404
Morte Arthur,Morte Arthur,,British and English Traditions,Cycle of Arthur,Harley,Harley 2252.,ff. 86-133 b,405
King Arthur's Death,King Arthur's Death,,British and English Traditions,Cycle of Arthur,Additional,Add. 27879,"ff. 89, 91",406
Samsons Saga,Samsons saga Fagra,,British and English Traditions,Cycle of Arthur,Additional,Add. 4863.,ff. 47-68 b,407
Lays of Marie de Fiance,Lays of Marie de France,,British and English Traditions,,Harley,Harley 978.,ff. 118-160,408
Emare,Emare,,British and English Traditions,,Cotton,Caligula A. ii.,ff. 71-76 b,418
Sir Gowghter,Sir Gowghter,,British and English Traditions,,Royal,17. B. xliii.,ff. 116-131 b,419
Hanes Taliesin,Hanes Taliesin,,British and English Traditions,,Additional,"Add. 14,697.",ff. 205-208 b,421
Hanes Taliesin,Hanes Taliesin,,British and English Traditions,,Additional,"Add. 15,002.",ff. 144 b-147 b,421
Havelok,Havelok,Geffrei Gaimar,British and English Traditions,,Royal,13. A. xxi.,ff. 113-117 b,423
Havelok,Havelok,Geffrei Gaimar,British and English Traditions,,Royal,13. A. xxi.,ff. 113-117 b,423
King Horn,King Horn,,British and English Traditions,,Harley,Harley 527.,ff. 59-73 b,447
King Horn,King Horn,,British and English Traditions,,Harley,Harley 2253.,ff. 83-92 b,447
Pontus et Sidoine,Pontus and Sidoine,,British and English Traditions,,Royal,15. E. vi.,ff. 207-226 b,469
Guy of Warwick,Guy of Warwick,,British and English Traditions,,Royal,8. F. ix.,ff. 105-159,471
Guy of Warwick,Guy of Warwick,,British and English Traditions,,Cotton,Vespasian D. ix.,ff. 40-43 b,471
Guy of Warwick,Guy of Warwick,,British and English Traditions,,Harley,Harley 3775.,ff. 15-26 b,471
Guy of Warwick,Guy of Warwick,,British and English Traditions,,Harley,Harley 5243,,471
Guy of Warwick,Guy of Warwick,,British and English Traditions,,Harley,Harley 7333.,ff. 33-35 b,471
Guy of Warwick,Guy of Warwick,,British and English Traditions,,Lansdowne,Lansdowne 699.,ff. 18 b-27 b,471
Guy of Warwick,Guy of Warwick,,British and English Traditions,,Sloane,Sloane 1044.,ff. 625,471
Guy of Warwick,Guy of Warwick,,British and English Traditions,,Additional,"Add. 14,408.",ff. 74-77,471
Fulk Fitz-Warin,Fulk Fitz-Warin,,British and English Traditions,,Royal,12. C. xii.,ff. 33-60 b,501
Tale of Gamelyn,Tale of Gamelyn,,British and English Traditions,,Royal,17. D. xv.,ff. 66 b-79 b,509
Tale of Gamelyn,Tale of Gamelyn,,British and English Traditions,,Royal,18. C. ii.,ff. 56 b-67 b,509
Tale of Gamelyn,Tale of Gamelyn,,British and English Traditions,,Harley,Harley 1758.,ff. 48-55,509
Tale of Gamelyn,Tale of Gamelyn,,British and English Traditions,,Harley,Harley 7334.,ff. 59-70 b,509
Tale of Gamelyn,Tale of Gamelyn,,British and English Traditions,,Lansdowne,Lansdowne 851.,ff. 54 b-65,509
Tale of Gamelyn,Tale of Gamelyn,,British and English Traditions,,Sloane,Sloane 1685.,ff. 51 b-62 b,509
Tale of Gamelyn,Tale of Gamelyn,,British and English Traditions,,Sloane,Sloane 1686.,ff. 71-86 b,509
Robin and Gandeleyn,Robyn and Gandelyn,,British and English Traditions,,Sloane,Sloane 2593.,ff. 14 b-15 b,516
Robin Hood,Robin Hood,,British and English Traditions,,Additional,Add. 27879,ff. 2-10,517
"Adam Bell, and other Ballads of Forest life",,,British and English Traditions,,,,,522
Miscellaneous Ballads,Miscellaneous Ballads,,British and English Traditions,,Additional,Add. 27879,ff. 14 b-24,525
Scottish Ballads,Scottish Ballads,,British and English Traditions,,Additional,"Add. 22,311",,531
Turpin's Chronicle,Turpin's Chronicle,,French Traditions,Cycle of Charlemagne,Royal,4. C. xi.,ff. 280-286 b,546
Turpin's Chronicle,Turpin's Chronicle,,French Traditions,Cycle of Charlemagne,Royal,13. D. i.,ff. 212 b-222,546
Turpin's Chronicle,Turpin's Chronicle,,French Traditions,Cycle of Charlemagne,Cotton,Caligula B. vii.,ff. 192-203 b,546
Turpin's Chronicle,Turpin's Chronicle,,French Traditions,Cycle of Charlemagne,Cotton,Nero A. xi.,ff. 8-63,546
Turpin's Chronicle,Turpin's Chronicle,,French Traditions,Cycle of Charlemagne,Cotton,Nero A. xi.,ff. 8-63,546
Turpin's Chronicle,Turpin's Chronicle,,French Traditions,Cycle of Charlemagne,Cotton,Vespasian A. xiii.,ff. 94-114 b,546
Turpin's Chronicle,Turpin's Chronicle,,French Traditions,Cycle of Charlemagne,Cotton,Titus A. xix.,ff. 24-43,546
Turpin's Chronicle,Turpin's Chronicle,,French Traditions,Cycle of Charlemagne,Harley,Harley 108.,ff. 4 b-31 b,546
Turpin's Chronicle,Turpin's Chronicle,,French Traditions,Cycle of Charlemagne,Harley,Harley 273.,ff. 86-102 b,546
Turpin's Chronicle,Turpin's Chronicle,,French Traditions,Cycle of Charlemagne,Harley,Harley 2361.,ff. 138-139 b,546
Turpin's Chronicle,Turpin's Chronicle,,French Traditions,Cycle of Charlemagne,Harley,Harley 2500.,ff. 139-155,546
Turpin's Chronicle,Turpin's Chronicle,,French Traditions,Cycle of Charlemagne,Harley,Harley 3043.,ff. 17-31,546
Turpin's Chronicle,Turpin's Chronicle,,French Traditions,Cycle of Charlemagne,Harley,Harley 6358.,ff. 60-83,546
Turpin's Chronicle,Turpin's Chronicle,,French Traditions,Cycle of Charlemagne,Arundel,Arundel 220.,ff. 284-298 b,546
Turpin's Chronicle,Turpin's Chronicle,,French Traditions,Cycle of Charlemagne,Additional,Add. 6924.,ff. 297-303,546
Turpin's Chronicle,Turpin's Chronicle,,French Traditions,Cycle of Charlemagne,Additional,"Add. 12,213.",ff. 1-184 b,546
Turpin's Chronicle,Turpin's Chronicle,,French Traditions,Cycle of Charlemagne,Additional,"Add. 17,920.",ff. 6 b-19 b,546
Turpin's Chronicle,Turpin's Chronicle,,French Traditions,Cycle of Charlemagne,Additional,"Add. 19,513.",ff. 141-163,546
Karolellus,Karolellus,,French Traditions,Cycle of Charlemagne,Royal,13. A. xviii.,ff. 136-149 b,595
Philomena,Philomena,,French Traditions,Cycle of Charlemagne,Additional,"Add. 21,218",,596
Aspremont,Aspremont,,French Traditions,Cycle of Charlemagne,Royal,15. E. vi.,ff. 43-69 b,598
Aspremont,Aspremont,,French Traditions,Cycle of Charlemagne,Additional,"Add. 10,508.",ff. 1-63 b,598
Ogier le Danois,Ogier le Danois,,French Traditions,Cycle of Charlemagne,Royal,15. E. vi.,ff. 86-154 b,604
Enfances Ogier,Enfances Ogier,Adenet le Roi,French Traditions,Cycle of Charlemagne,Harley,Harley 4404.,ff. 102-251 b,610
Fierabras,Fierabras,,French Traditions,Cycle of Charlemagne,Royal,15. E. vi.,ff. 70-85 b,616
Quatre Fils Aimon,Quatre fils Aimon,,French Traditions,Cycle of Charlemagne,Royal,15. E. vi.,ff. 155-206,619
Quatre Fils Aimon,Quatre fils Aimon,,French Traditions,Cycle of Charlemagne,Royal,16. G. ii.,,619
Quatre Fils Aimon,Quatre fils Aimon,,French Traditions,Cycle of Charlemagne,Sloane,Sloane 960,,619
Voyage de Charlemagne,,,French Traditions,Cycle of Charlemagne,,,,625
Simon de Pouille,Simon de Pouille,,French Traditions,Cycle of Charlemagne,Royal,15. E. vi.,ff. 25-42 b,627
Gui de Bourgogne,Gui de Bourgogne,,French Traditions,Cycle of Charlemagne,Harley,Harley 527.,ff. 1-32,630
Battle of Roncevaux,Battle of Roncevaux,,French Traditions,Cycle of Charlemagne,Cotton,Titus A. xix.,ff. 153-155,630
Guillaume d'Orange,Guillaume d'Orange,,French Traditions,,Royal,20. B. xix.,,632
Guillaume d'Orange,Guillaume d'Orange,,French Traditions,,Royal,20. D. xi.,,632
Guillaume d'Orange,Guillaume d'Orange,,French Traditions,,Harley,Harley 1321,,632
Girard de Roussillon,Girard de Roussillon,,French Traditions,,Harley,Harley 4334,,663
Doon de la Roche,Doon de la Roche,,French Traditions,,Harley,Harley 4404.,ff. 1-98,671
Reali di Francia,Reali di Francia,,French Traditions,,Additional,"Add. 22,312",,672
Amys and Amylion,Amys and Amylion,,French Traditions,,Harley,Harley 2386.,ff. 131-138,674
Ricciardetto,Riccardetto,Niccolo Fortiguerra,French Traditions,,Additional,"Add. 10,321",,680
Romance of the Peers of France,Romance of the Peers of France,,French Traditions,,Additional,"Add. 10,508.",ff. 64-96 b,682
Magus saga,Magus saga Jarls,,French Traditions,,Additional,Add. 4860.,ff. 157-188 b,684
Magus saga,Magus saga Jarls,,French Traditions,,Additional,Add. 4869.,ff. 67-101 b,684
Magus saga,Magus saga Jarls,,French Traditions,,Additional,Add. 4874.,ff. 1-66,684
Mélusine,Mélusine,,French Traditions,,Royal,18. B. ii.,,687
Mélusine,Mélusine,,French Traditions,,Harley,Harley 4418,,687
Mélusine,Mélusine,,French Traditions,,Additional,Add. 6796,,687
Partonopeus de Blois,Partonopeus de Blois,,French Traditions,,Additional,"Add. 15,212.",ff. 14 b-196 b,698
Chevalier au Cygne,,,Miscellaneous Romance,,,,,708
Florence de Rome,Florence de Rome,,Miscellaneous Romance,,Lansdowne,Lansdowne 362.,"ff. 75*, 75**, 76, 77",711
The Chaste Duchess,The Chaste Duchess,Jacob Wimpheling,Miscellaneous Romance,,Additional,"Add. 25,569.",ff. 15 b-21,713
Floire et Blancheflor,Floire et Blancheflor,,Miscellaneous Romance,,Additional,"Add. 15,213",,714
Filocolo,Filocolo,Boccaccio,Miscellaneous Romance,,Harley,Harley 3314,,716
Filocolo,Filocolo,Boccaccio,Miscellaneous Romance,,Additional,"Add. 14,682",,716
Blanchandin et Orgueillose d'Amors,Blanchandin et Orgueillose d'Amors,,Miscellaneous Romance,,Additional,"Add. 15,212.",ff. 197-266 b,727
Ipomedon,Ipomedon,Hue de Rotelande,Miscellaneous Romance,,Harley,Harley 2252.,ff. 54-84,728
"Le Dit de Guillaume d'Angleterre, etc","Les deux Chevaliers, and Le dit de Guillaume d'Angleterre",,Miscellaneous Romance,,Additional,"Add. 15,606.","ff. 110, col. 2,-113, col. 2; and 140 b-152",757
Sir Isumbras,Sir Isumbras,,Miscellaneous Romance,,Cotton,Caligula A. ii.,ff. 130-134,760
Octavian the Emperor,Octavian the Emperor,,Miscellaneous Romance,,Cotton,Caligula A. ii.,ff. 22 b-35,762
King Robert of Sicily,King Robert of Sicily,,Miscellaneous Romance,,Harley,Harley 525.,ff. 35-43 b,763
King Robert of Sicily,King Robert of Sicily,,Miscellaneous Romance,,Harley,Harley 1701.,ff. 92-95,763
King Robert of Sicily,King Robert of Sicily,,Miscellaneous Romance,,Additional,"Add. 22,283.",ff. 90 b-91 b,763
Sir Eglamour of Ortois,Sir Eglamour of Artois,,Miscellaneous Romance,,Cotton,Caligula A. ii.,ff. 5 b-13,766
The King of Tars,The Diana of Montemayor,,Miscellaneous Romance,,Additional,"Add. 18,688",,767
Theseus de Cologne,Theseus de Cologne,,Miscellaneous Romance,,Additional,"Add. 16,955",,769
Petit Jean de Saintré,Petit Jean de Saintré,Antoine de la Salle,Miscellaneous Romance,,Cotton,Nero D. ix.,ff. 1-108,775
Petit Jean de Saintré,Petit Jean de Saintré,Antoine de la Salle,Miscellaneous Romance,,Additional,"Add. 11,614",,775
Floridam and Elluide by Rasse de Brinchamel,Floridam and Elluide,,Miscellaneous Romance,,Cotton,Nero D. ix.,ff. 109-115,779
The Three Kings' Sons,The Three Kings' Sons,,Miscellaneous Romance,,Harley,Harley 326.,ff. 8-123 b,782
Uberto and Philomena,Uberto and Philomena,,Miscellaneous Romance,,Additional,"Add. 12,196.",ff. 1-48 b,784
Amadis de Gaula (English translation),Amadis de Gaula,,Miscellaneous Romance,,Lansdowne,Lansdowne 766.,ff. 1-18 b,787
Diana,,Jorge de Montemayor (English translation),Miscellaneous Romance,,,,,789
Fiammetta,Fiammetta,Boccaccio,Miscellaneous Romance,,Harley,Harley 3573,,792
Fiammetta,Fiammetta,Boccaccio,Miscellaneous Romance,,Harley,Harley 5427,,792
Corbaccio,Corbaccio,Boccaccio,Miscellaneous Romance,,Harley,Harley 3581,,794
Theagenes and Stelliana,Theagenes and Stelliana,Sir Kenelm Digby,Miscellaneous Romance,,Harley,Harley 6758,,795
Aronus and Marina,Aronus and Marina,,Miscellaneous Romance,,Harley,Harley 2678.,ff. 93-96 b,797
Antiochus,Tale of Antiochus,Leonardo Bruni,Miscellaneous Romance,,Harley,Harley 3830.,ff. 11 b-17 b,798
Tale of Two Lovers,Tale of Two Lovers,Aeneas Sylvius,Miscellaneous Romance,,Royal,12. C. xx.,ff. 17-46,799
Tale of Two Lovers,Tale of Two Lovers,Aeneas Sylvius,Miscellaneous Romance,,Harley,Harley 1883.,ff. 119-135 b,799
Tale of Two Lovers,Tale of Two Lovers,Aeneas Sylvius,Miscellaneous Romance,,Harley,Harley 2492.,ff. 154 b-169 b,799
Cassandra,Cassandra,Gautier de Costes (English translation),Miscellaneous Romance,,Sloane,Sloane 457,,803
Contes et Fabliaux,Contes et Fabliaux,,Miscellaneous Romance,,Additional,"Add. 15,210-15,213",,804
Romances and Ballads,Romances and Ballads,,Miscellaneous Romance,,Additional,"Add. 27,979",,817
"Tales and Fables, etc (German)",Tales and Fables,,Miscellaneous Romance,,Additional,"Add. 24,946",,826
Romantic Tales (Icelandic),Two Romantic Tales,,Miscellaneous Romance,,Additional,Add. 4869.,"ff. 161, 206",841
Romantic Tales (Icelandic),Two Romantic Tales,,Miscellaneous Romance,,Additional,"Add. 11,241.","ff. 95, 140",841
Romantic Tales (Icelandic),Two Romantic Tales,,Miscellaneous Romance,,Additional,"Add. 24,973.",ff. 2-69 b,841
Roman de la Rose,Roman de la Rose,Guillaume de Lorris and Jean de Meung,Allegorical and Didactic Romance,,Royal,19. A. xviii.,,874
Roman de la Rose,Roman de la Rose,Guillaume de Lorris and Jean de Meung,Allegorical and Didactic Romance,,Royal,19. B. xii.,ff. 2-147 b,874
Roman de la Rose,Roman de la Rose,Guillaume de Lorris and Jean de Meung,Allegorical and Didactic Romance,,Royal,19. B. xiii.,,874
Roman de la Rose,Roman de la Rose,Guillaume de Lorris and Jean de Meung,Allegorical and Didactic Romance,,Royal,20. A. xvii.,,874
Roman de la Rose,Roman de la Rose,Guillaume de Lorris and Jean de Meung,Allegorical and Didactic Romance,,Royal,20. D. vii.,,874
Roman de la Rose,Roman de la Rose,Guillaume de Lorris and Jean de Meung,Allegorical and Didactic Romance,,Harley,Harley 4425,,874
Roman de la Rose,Roman de la Rose,Guillaume de Lorris and Jean de Meung,Allegorical and Didactic Romance,,Additional,"Add. 12,042",,874
Roman de la Rose,Roman de la Rose,Guillaume de Lorris and Jean de Meung,Allegorical and Didactic Romance,,Additional,"Add. 16,169.","ff. 1, 477",874
Roman de la Rose,Roman de la Rose,Guillaume de Lorris and Jean de Meung,Allegorical and Didactic Romance,,Additional,"Add. 31,840",,874
Roman de la Rose,Roman de la Rose,Guillaume de Lorris and Jean de Meung,Allegorical and Didactic Romance,,Egerton,Egerton 881,,874
Roman de la Rose,Roman de la Rose,Guillaume de Lorris and Jean de Meung,Allegorical and Didactic Romance,,Egerton,Egerton 1069,,874
Roman de la Rose,Roman de la Rose,Guillaume de Lorris and Jean de Meung,Allegorical and Didactic Romance,,Egerton,Egerton 2022,,874
Chemin de Vaillance,Le Chemin de Vaillance,Jean de Courcy,Allegorical and Didactic Romance,,Royal,14. E. ii.,ff. 1-293,895
Sydrac and Boctus,Sydrac and Boctus,,Allegorical and Didactic Romance,,Royal,16. F. v.,ff. 1-113 b,903
Sydrac and Boctus,Sydrac and Boctus,,Allegorical and Didactic Romance,,Harley,Harley 1121.,ff. 1-140,903
Sydrac and Boctus,Sydrac and Boctus,,Allegorical and Didactic Romance,,Harley,Harley 4294.,ff. 1-79 b,903
Sydrac and Boctus,Sydrac and Boctus,,Allegorical and Didactic Romance,,Harley,Harley 4361,,903
Sydrac and Boctus,Sydrac and Boctus,,Allegorical and Didactic Romance,,Harley,Harley 4417.,ff. 1-141 b,903
Sydrac and Boctus,Sydrac and Boctus,,Allegorical and Didactic Romance,,Harley,Harley 4486.,ff. 69-146,903
Sydrac and Boctus,Sydrac and Boctus,,Allegorical and Didactic Romance,,Lansdowne,Lansdowne 793,,903
Sydrac and Boctus,Sydrac and Boctus,,Allegorical and Didactic Romance,,Sloane,Sloane 2232,,903
Sydrac and Boctus,Sydrac and Boctus,,Allegorical and Didactic Romance,,Additional,"Add. 10,286.",ff. 2-114,903
Sydrac and Boctus,Sydrac and Boctus,,Allegorical and Didactic Romance,,Additional,"Add. 16,563",,903
Sydrac and Boctus,Sydrac and Boctus,,Allegorical and Didactic Romance,,Additional,"Add. 17,914",,903
Livre de l'Ordre de Chevalerie,Livre de l'Ordre de Chevalerie,,Allegorical and Didactic Romance,,Royal,14. E. ii.,ff. 337-353 b,922
Roman de Troie,Roman de Troie,Benoit de Sainte-More,Appendix,,Harley,Harley 4482,,924
Roman de Troie,Roman de Troie,Benoit de Sainte-More,Appendix,,Additional,Add. 30863,,924
Voeux du Paon,Voeux du Paon,,Appendix,,Harley,Harley 3992,,926
Voeux du Paon,Voeux du Paon,,Appendix,,Arundel,Arundel 230,ff. 181 b,926
Voeux du Paon,Voeux du Paon,,Appendix,,Additional,"Add. 16,956",,926
Voeux du Paon,Voeux du Paon,,Appendix,,Additional,Add. 30864,,926
Titus and Vespasian,Titus and Vespasian,,Appendix,,Royal,16. E. viii.,ff. 73-102 b,928
Titus and Vespasian,Titus and Vespasian,,Appendix,,Cotton,Caligula A. ii.,ff. 111-125,928
Titus and Vespasian,Titus and Vespasian,,Appendix,,Cotton,Vespasian E. xvi.,ff. 70-75 b,928
Titus and Vespasian,Titus and Vespasian,,Appendix,,Additional,"Add. 10,038.",ff. 2-81 b,928
Titus and Vespasian,Titus and Vespasian,,Appendix,,Additional,"Add. 10,289.",ff. 82-121,928
Titus and Vespasian,Titus and Vespasian,,Appendix,,Additional,Add. 31042,ff50-66,928
Athis et Profilias,Roman d'Athis et Profilas,,Appendix,,Additional,"Add. 16,441",,929
Athis et Profilias,Roman d'Athis et Profilas,,Appendix,,Additional,"Add. 16,441",,929
Titurel,Titurel,Albrecht von Scharfenberg,Appendix,,Additional,Add. 30984,,932
Havelok,Havelok,,Appendix,,Royal,13. A. xxi.,ff. 113-117 b,940
Havelok,Havelok,,Appendix,,Royal,13. A. xxi.,ff. 113-117 b,940
"Life of Harold, king of England","Life of Harold, King of England",,Appendix,,Harley,Harley 3776.,ff. 1-24 b,941
Richard Coeur-de-Lion,Richard Coeur-de-Lion,,Appendix,,Additional,Add. 31042,ff125-163 b,944
Turpin's Chronicle,Turpin's Chronicle,,Appendix,,Royal,4. C. xi.,ff. 280-286 b,950
Turpin's Chronicle,Turpin's Chronicle,,Appendix,,Royal,13. D. i.,ff. 212 b-222,950
Turpin's Chronicle,Turpin's Chronicle,,Appendix,,Cotton,Caligula B. vii.,ff. 192-203 b,950
Turpin's Chronicle,Turpin's Chronicle,,Appendix,,Cotton,Nero A. xi.,ff. 8-63,950
Turpin's Chronicle,Turpin's Chronicle,,Appendix,,Cotton,Nero A. xi.,ff. 8-63,950
Turpin's Chronicle,Turpin's Chronicle,,Appendix,,Cotton,Vespasian A. xiii.,ff. 94-114 b,950
Turpin's Chronicle,Turpin's Chronicle,,Appendix,,Cotton,Titus A. xix.,ff. 24-43,950
Turpin's Chronicle,Turpin's Chronicle,,Appendix,,Harley,Harley 108.,ff. 4 b-31 b,950
Turpin's Chronicle,Turpin's Chronicle,,Appendix,,Harley,Harley 273.,ff. 86-102 b,950
Turpin's Chronicle,Turpin's Chronicle,,Appendix,,Harley,Harley 2361.,ff. 138-139 b,950
Turpin's Chronicle,Turpin's Chronicle,,Appendix,,Harley,Harley 2500.,ff. 139-155,950
Turpin's Chronicle,Turpin's Chronicle,,Appendix,,Harley,Harley 3043.,ff. 17-31,950
Turpin's Chronicle,Turpin's Chronicle,,Appendix,,Harley,Harley 6358.,ff. 60-83,950
Turpin's Chronicle,Turpin's Chronicle,,Appendix,,Arundel,Arundel 220.,ff. 284-298 b,950
Turpin's Chronicle,Turpin's Chronicle,,Appendix,,Additional,Add. 6924.,ff. 297-303,950
Turpin's Chronicle,Turpin's Chronicle,,Appendix,,Additional,"Add. 12,213.",ff. 1-184 b,950
Turpin's Chronicle,Turpin's Chronicle,,Appendix,,Additional,"Add. 17,920.",ff. 6 b-19 b,950
Turpin's Chronicle,Turpin's Chronicle,,Appendix,,Additional,"Add. 19,513.",ff. 141-163,950
Itinerary to Compostella,"Tinctoris, Compostella",,Appendix,,Additional,"Add. 12,213.",ff. 160 b-181 b,951
Siege of Milan and Sir Otuel,,,Appendix,,,,,953
,Historia Regum Britanniae,,,,Royal,4. C. xi.,ff. 222-249,227
,Historia Regum Britanniae,,,,Royal,13. A. iii.,ff. 1-133,237
,Historia Regum Britanniae,,,,Royal,13. A. v.,ff. 99-161 b,237
,Historia Regum Britanniae,,,,Royal,13. D. i.,ff. 175-212 b,248
,Historia Regum Britanniae,,,,Royal,13. D. ii.,ff. 124-173 b,228
,Historia Regum Britanniae,,,,Royal,13. D. v.,ff. 1-37 b,229
,Historia Regum Britanniae,,,,Cotton,Nero D. viii.,ff. 3-63,230
,Historia Regum Britanniae,,,,Cotton,Galba E. xi.,ff. 2-58 b,239
,Historia Regum Britanniae,,,,Cotton,Vespasian A. xxiii.,ff. 4-106 b,241
,Historia Regum Britanniae,,,,Cotton,Vespasian E. x.,ff. 271-368 b,242
,Historia Regum Britanniae,,,,Cotton,Titus A. xviii.,ff. 13-82,243
,Historia Regum Britanniae,,,,Cotton,Titus A. xxv.,ff. 105-116 b,244
,Historia Regum Britanniae,,,,Cotton,Titus A. xxvii.,ff. 1 b-87,231
,Historia Regum Britanniae,,,,Cotton,Titus C. xvii.,,203
,Historia Regum Britanniae,,,,Cotton,Cleopatra D. viii.,ff. 8-94,249
,Historia Regum Britanniae,,,,Harley,Harley 225.,ff. 3-78,222
,Historia Regum Britanniae,,,,Harley,Harley 536.,ff. 58-61,226
,Historia Regum Britanniae,,,,Harley,Harley 3773.,ff. 7-57,223
,Historia Regum Britanniae,,,,Harley,Harley 4003.,ff. 81-141 b,244
,Historia Regum Britanniae,,,,Harley,Harley 4123.,ff. 2-49 b,236
,Historia Regum Britanniae,,,,Harley,Harley 5115.,ff. 87-150,245
,Historia Regum Britanniae,,,,Harley,Harley 6358.,ff. 2-58 b,235
,Historia Regum Britanniae,,,,Lansdowne,Lansdowne 732.,ff. 1-68 b,233
,Historia Regum Britanniae,,,,Arundel,Arundel 10,,224
,Historia Regum Britanniae,,,,Arundel,Arundel 237,,241
,Historia Regum Britanniae,,,,Arundel,Arundel 319.,ff. 16-97 b,232
,Historia Regum Britanniae,,,,Arundel,Arundel 326.,ff. 63-122 b,246
,Historia Regum Britanniae,,,,Arundel,Arundel 403,,225
,Historia Regum Britanniae,,,,Arundel,Arundel 409.,ff. 54-77,233
,Historia Regum Britanniae,,,,Sloane,Sloane 289.,ff. 120-133,250
,Historia Regum Britanniae,,,,Additional,"Add. 11,702.",ff. 11-88,247
,Historia Regum Britanniae,,,,Additional,"Add. 15,732",,234
,Prophecy of Merlin Silvester,,,,Royal,5. F. xv.,ff. 3 b,313
,Prophecy of Merlin Silvester,,,,Royal,13. A. iii.,"ff. 135 b, 136",315
,Letters between Alexander and Dindimus,,,,Royal,6. E. iii.,ff. 111 b-112 b,138
,Letters between Alexander and Dindimus,,,,Royal,7. A. i.,ff. 68 b-69 b,137
,Prophecies of Merlin,,,,Royal,8. D. iii.,ff. 160 b-163,297
,Prophecies of Merlin,,,,Cotton,Julius A. v.,"ff. 5, 53-57b, 177 b-179, and 180-181 b",299
,Prophecies of Merlin,,,,Cotton,Tiberius A. ix.,ff. 2-6,295
,Prophecies of Merlin,,,,Cotton,Caligula B. vii.,ff. 220 b-231 b,296
,Prophecies of Merlin,,,,Cotton,Nero A. iv.,ff. 63-76 b,297
,Prophecies of Merlin,,,,Cotton,Cleopatra C. iv.,ff. 74-122,310
,Prophecies of Merlin,,,,Cotton,Faustina A. viii.,ff. 109 b-116,292
,Prophecies of Merlin,,,,Arundel,Arundel 66.,ff. 267-268 b and 291 b,301
,Prophecies of Merlin,,,,Additional,Add. 6924.,ff. 73-124 and 164-,304
,Prophecy on Scotland,,,,Royal,9. B. ix.,ff. 2,327
,Alexander the Great,,,,Royal,12. C. iv.,ff. 138-170,112
,Alexander the Great,,,,Royal,13. A. i.,,106
,Alexander the Great,,,,Royal,13. A. v.,ff. 2-23 b,118
,Alexander the Great,,,,Royal,13. C. xii.,ff. 82-109 b,122
,Alexander the Great,,,,Royal,15. C. vi.,ff. 102 b-130 b,110
,Alexander the Great,,,,Royal,15. E. vi.,ff. 4 b-24 b,129
,Alexander the Great,,,,Royal,19. D. i.,ff. 1-46,123
,Alexander the Great,,,,Royal,20. A. v.,,125
,Alexander the Great,,,,Royal,20. B. xx.,,128
,Alexander the Great,,,,Cotton,Nero D. viii.,ff. 160-174 b,113
,Alexander the Great,,,,Cotton,Galba E. xi.,ff. 111-125,115
,Alexander the Great,,,,Cotton,Cleopatra D. v.,ff. 165 b-183,114
,Alexander the Great,,,,Harley,Harley 527.,ff. 47-56 b,113
,Alexander the Great,,,,Harley,Harley 2682.,ff. 180-192,109
,Alexander the Great,,,,Harley,Harley 4979,,127
,Alexander the Great,,,,Harley,Harley 5054.,ff. 124 b-181,119
,Alexander the Great,,,,Arundel,Arundel 123.,ff. 43-71,120
,Alexander the Great,,,,Burney,Burney 280.,ff. 1-20 b,118
,Alexander the Great,,,,Sloane,Sloane 1619.,ff. 3-17 b,112
,Alexander the Great,,,,Sloane,Sloane 1785.,ff. 2-13,131
,Prophecy,,,,Royal,12. C. xii.,ff. 14-16 b,316
,Amya and Amylion,,,,Royal,12. C. xii.,ff. 69-76,674
,Story of Troy,,,,Royal,12. D. iii.,ff. 152 b-158,34
,Story of Troy,,,,Royal,13. A. iv.,"ff. 22 b-23 b, 76-81 b",27
,Prophecies of Merlin Silvester,,,,Royal,13. E. ix.,ff. 27,314
,Prophecies of Merlin Silvester,,,,Royal,15. C. xvi.,"ff. 183 b, 184",313
,Prophecies of Merlin Silvester,,,,Cotton,Cotton Appendix iv.,ff. 102 b,315
,Guy of Warwick and Heraud of Ardennes,,,,Royal,15. E. vi.,ff. 227-272,487
,Knight of the Swan,,,,Royal,15. E. vi.,ff. 273-292,708
,Knight of the Swan,,,,Cotton,Caligula A. ii.,ff. 125 b-129 b,710
,Voyage of Charlemagne to Jerusalem and Constantinople,,,,Royal,16. E.,ff. 131-144 b,625
,Recueil des Histoires de Troie,,,,Royal,17. E. ii.,,64
,Sir Launfal,,,,Cotton,Caligula A. ii.,ff. 35 b-42 b,416
,Prophecy of Merlin,,,,Cotton,Caligula B. vii.,ff. 210-213,303
,Prophecy of Merlin,,,,Cotton,Titus D. vii.,ff. 26-36,301
,Prophecy of Merlin,,,,Cotton,Cleopatra C. iv.,ff. 55 b and 66-68 b,298
,Prophecy of Merlin,,,,Harley,Harley 838.,ff. 92-93 b,302
,Prophecy of Merlin,,,,Additional,"Add. 25,014.","ff. 119 b, col. 2",292
,Prophecies,,,,Cotton,Claudius E. viii.,"ff. 1 b, 23",317
,Prophecies,,,,Cotton,Titus D. xix.,ff. 118,319
,Prophecies,,,,Cotton,Faustina B. ix.,"ff. 241 b, 242",319
,Merlin's Prophecy of the Six Kings,,,,Cotton,Galba E. ix.,"ff. 49, 50",309
,Merlin's Prophecy of the Six Kings,,,,Harley,Harley 746.,ff. 1 b-3,309
,Lisamon's Brut,,,,Cotton,Otho C. xiii.,,271
,Floyras and Blanchefleur,,,,Cotton,Vitellius D. iii.,ff. 6-8 b,716
,Ipomodon,,,,Cotton,Vespasian A. vii.,ff. 37-104,728
,Lanval,,,,Cotton,Vespasian B. xiv.,ff. 1-8 b,415
,Fall of Troy,,,,Cotton,Vespasian B. xiv.,"ff. 18, 18 b",31
,Fall of Troy,,,,Cotton,Cleopatra A. viii.,ff. 56-58,30
,Fall of Troy,,,,Harley,Harley 3202.,ff. 114 b-115 b,32
,Fall of Troy and Adventures of Æneas,,,,Cotton,Vespasian B. xxiii. Part III.,ff. 118 b-122 b,33
,Two Prophecies,,,,Cotton,Vespasian D. xviii.,ff. 125 b-127* b,325
,"Prophecies of Merlin, etc.",,,,Cotton,Vespasian E. vii.,"ff. 78-126, 129, 130",320
,Whole Prophecy of Scotland,,,,Cotton,Vespasian E. viii.,ff. 16-29,337
,Whole Prophecy of Scotland,,,,Sloane,Sloane 1802,,334
,Story of Troy and Adventures of Æneas,,,,Cotton,Titus A. xx.,ff. 99-104,29
,Brut y Brenhinoedd,,,,Cotton,Cleopatra B. v.,ff. 1-108 b,255
,"Prophecy of the Lily, the Lion, and the Son of Man",,,,Cotton,Cleopatra D. iii.,ff. 184,318
,"Prophecy of the Lily, the Lion, and the Son of Man",,,,Harley,Harley 1008.,ff. 81,318
,Four Prophecies,,,,Cotton,Cotton Roll ii. 23,,324
,Political Prophecies,,,,Harley,Harley 559.,"ff. 1-13, 31-35, 39-48",326
,Six Fabliaux,,,,Harley,Harley 2253.,"ff. 67 b, 107 b, 110, 115 b, 118, 122 b",813
,Prophecy of Thomas of Erceldoune,,,,Harley,Harley 2253.,"ff. 127, col. 2",328
,Letter of Dindimus to Alexander the Great,,,,Harley,Harley 2488.,ff. 114-117 b,139
,Letter of Dindimus to Alexander the Great,,,,Arundel,Arundel 138.,"ff. 126, 126 b",140
,Letter of Dindimus to Alexander the Great,,,,Sloane,Sloane 3991.,ff. 95-97,140
,L'Ordène de Chevalerie,,,,Harley,Harley 4333.,ff. 115-117 b,810
,Richard Cœur-de-Lion,,,,Harley,Harley 4690.,ff. 106-115,949
,Prophecies taken from Geoffrey of Monmouth and others,,,,Harley,Harley 6148.,ff. 86-98 b,311
,Kings of Britain,,,,Lansdowne,Lansdowne 214.,ff. 85-193,251
,Abridgement of Historia Trojana,,,,Lansdowne,Lansdowne 380.,ff. 36-39 b,59
,Chanson de Roland,,,,Lansdowne,Lansdowne 388.,ff. 381-395 b,631
,Chanson d'Aspremont,,,,Lansdowne,Lansdowne 782,,600
,"Prophecies of Merlin, Gildas, and Thomas of Ercildoune",,,,Arundel,Arundel 57.,ff. 4 b-11,307
,Life of Robin Hood,,,,Sloane,Sloane 780.,ff. 46-48 b,517
,Collection of Prophecies,,,,Sloane,Sloane 2578,,333
,Five Romantic Tales,,,,Additional,Add. 4857.,"ff. 89, 97 b, 110, 134, 139 b",841
,Ívents saga,,,,Additional,Add. 4857.,ff. 113 b-133 b,393
,Ívents saga,,,,Additional,Add. 4857.,ff. 32-45 b,393
,Ívents saga,,,,Additional,Add. 4859.,ff. 32-45 b,394
,Eight Romantic Tales,,,,Additional,Add. 4859.,"ff. 10, 15, 142 b, 240, 313, 314, 344 b, 367",843
,Eight Romantic Tales,,,,Additional,Add. 4859.,"ff. 10, 15, 142 b, 240, 813, 314, 344 b, 367",843
,Eight Romantic Tales,,,,Additional,Add. 4860.,"ff. 1, 17, 29, 95, 273, 285, 293, 329",846
,Parcevals saga and Valvers þáttr,,,,Additional,Add. 4859.,ff. 46-65 b,395
,Möttuls saga,,,,Additional,Add. 4859.,ff. 75-81,405
,Partalópa saga,,,,Additional,Add. 4860.,ff. 189-206,707
,Seven Romantic Tales,,,,Additional,Add. 4863.,"ff. 25, 69, 119, 153, 181, 189, 229",847
,Three Romantic Tales,,,,Additional,Add. 4870.,"ff. 62, 69, 83 b",851
,Three Romantic Tales,,,,Additional,Add. 4874.,"ff. 98 b, 110, 138",852
,Three Romantic Tales,,,,Additional,Add. 4875.,"ff. 1, 25 b, 54 b",854
,Saga of Ajax Frækni,,,,Additional,Add. 4884.,ff. 167-178,854
,Merlínus Spá,,,,Additional,Add. 6121.,ff. 55-71,304
,Juglet,,,,Additional,"Add. 10,289.",ff. 175 b-178 b,812
,Fioccolo,,,,Additional,"Add. 10,296",,724
,Rimur of Remund,,,,Additional,"Add. 11,110.",ff. 101-144,855
,Collection of Anecdotes,,,,Additional,"Add. 11,153.",ff. 182-263,865
,Valentine and Orson and Tales,,,,Additional,"Add. 11,157.","ff. 90, 176, 188",857
,Ten Romantic Tales,,,,Additional,"Add. 11,158.","ff. 1, 24, 83, 71, 123, 201, 233, 251, 261 b, 268, 289",858
,Patient Griselda,,,,Additional,"Add. 11,163.",ff. 120 b-136 b,865
,Argenis,,,,Additional,"Add. 11,164",,866
,Merlinus Spá,,,,Additional,"Add. 11,174.",ff. 85-98,307
,Brut Gruffydd ap Arthur,,,,Additional,"Add. 14,903.",ff. 20-177,258
,Brut Gruffydd ap Arthur,,,,Additional,"Add. 19,709.",ff. 8-84,257
,Extracts from Brut y Brenhinoedd,,,,Additional,"Add. 15,003.",ff. 1-13,259
,Isarles y Ffynnawn,,,,Additional,"Add. 15,035.",ff. 57-61,393
,Brut Tyailio,,,,Additional,"Add. 15,566.",ff. 6-140,254
,Voeux du Paon and Restor du Paon,,,,Additional,"Add. 16,888",,150
,Amis and Amylion,,,,Additional,"Add. 18,922.",ff. 204-221 b,678
,May Colvin,,,,Additional,"Add. 20,094.","ff. 21-26, 30-32 b",544
,The King of Tars and the Soudan of Damas,,,,Additional,"Add. 22,283.",ff. 126-128 b,767
,Nine Romantic Tales,,,,Additional,"Add. 24,969.","ff. 25, 62, 69 b, 74, 78 b, 83, 94, 209, 270",867
,Story of Sigurgaror,,,,Additional,"Add. 24,970",,871
,Fertrams saga,,,,Additional,"Add. 24,972.",ff. 58-72 b,872
,"The Grene Knight, Turke and Gowin, The Marriage of Sir Gawaine",,,,Additional,Add. 27879.,"ff. 17 b-24 b, 101 b-105, 223 b-226 b",389
,Sir Lambewell,,,,Additional,Add. 27879.,ff. 29 b-33 b,417
,Guye and Amarant,,,,Additional,Add. 27879,ff. 110-117,499
,Three Ballads of Forest Life,,,,Additional,Add. 27879,ff. 117 b-210,523
,Guy and Phillis,,,,Additional,Add. 27879,ff. 126,500
,Robin Hood Ballad,,,,Additional,Add. 27879,ff. 129-180 b,520
,Libius Disconius,,,,Additional,Add. 27879,ff156 b-171,401
,Guy and Colebrande,,,,Additional,Add. 27879,ff172 b-176b,500
,Two Ballads relating to Adam Bell,,,,Additional,Add. 27879,ff194-201,522
,A Propecye,,,,Additional,Add. 27879 f 239 b,,327
,Robin Hood's Garland,,,,Additional,Add. 28638,,520
,Ballads of Scotland,,,,Additional,"Add. 29408, 29409",,537
,Two Charlemagne Romances,,,,Additional,Add. 31042,"ff66 b-79 b, 82-94",953
,Ipomedon and Prothesilaus,,,,Egerton,Egerton 2515,ff. 3-141,746
