title_theme,title_index,author,theme,cycle,collection,mss_ff,mss,ff,page,mss_index
heroica,heroica,flavius philostratus,classical romances,cycle of troy,royal,16. c. xxiii. ff. 2-69 b,16. c. xxiii.,ff. 2-69 b,1,royal 16. c. xxiii. ff. 2-69 b
iliaca,iliaca,joannes tzetzes,classical romances,cycle of troy,royal,16. c. iv. a. b.,16. c. iv. a. b.,,2,royal 16. c. iv. a. b.
iliaca,iliaca,joannes tzetzes,classical romances,cycle of troy,royal,16. d. iii. a. b.,16. d. iii. a. b.,,2,royal 16. d. iii. a. b.
iliaca,iliaca,joannes tzetzes,classical romances,cycle of troy,harley,harley 5662. ff. 1-56,harley 5662.,ff. 1-56,2,harley 5662. ff. 1-56
dictys cretensis,dictys cretensis,,classical romances,cycle of troy,harley,harley 3514,harley 3514,,9,harley 3514
dictys cretensis,dictys cretensis,,classical romances,cycle of troy,burney,burney 170,burney 170,,9,burney 170
dictys cretensis,dictys cretensis,,classical romances,cycle of troy,additional,"add. 15,429","add. 15,429",,9,"additional add. 15,429"
dares phrygius,dares phrygius,,classical romances,cycle of troy,royal,6. c. viii. ff. 123-133 b,6. c. viii.,ff. 123-133 b,12,royal 6. c. viii. ff. 123-133 b
dares phrygius,dares phrygius,,classical romances,cycle of troy,royal,10. a. x. ff. 188-192 b,10. a. x.,ff. 188-192 b,12,royal 10. a. x. ff. 188-192 b
dares phrygius,dares phrygius,,classical romances,cycle of troy,royal,13. a. v. ff. 88 b-98 b,13. a. v.,ff. 88 b-98 b,12,royal 13. a. v. ff. 88 b-98 b
dares phrygius,dares phrygius,,classical romances,cycle of troy,royal,15. a. xxii. ff. 73-90,15. a. xxii.,ff. 73-90,12,royal 15. a. xxii. ff. 73-90
dares phrygius,dares phrygius,,classical romances,cycle of troy,royal,15. b. xi. ff. 57-66 b,15. b. xi.,ff. 57-66 b,12,royal 15. b. xi. ff. 57-66 b
dares phrygius,dares phrygius,,classical romances,cycle of troy,cotton,caligula b. vii. ff. 214-218 b,caligula b. vii.,ff. 214-218 b,12,cotton caligula b. vii. ff. 214-218 b
dares phrygius,dares phrygius,,classical romances,cycle of troy,cotton,vitellius a. xiii. ff. 90,vitellius a. xiii.,ff. 90,12,cotton vitellius a. xiii. ff. 90
dares phrygius,dares phrygius,,classical romances,cycle of troy,cotton,vitellius c. viii. ff. 5 b-6 b,vitellius c. viii.,ff. 5 b-6 b,12,cotton vitellius c. viii. ff. 5 b-6 b
dares phrygius,dares phrygius,,classical romances,cycle of troy,cotton,vespasian b. xxv. ff. 98 b-117,vespasian b. xxv.,ff. 98 b-117,12,cotton vespasian b. xxv. ff. 98 b-117
dares phrygius,dares phrygius,,classical romances,cycle of troy,cotton,cleopatra b. v. ff. 222-250,cleopatra b. v.,ff. 222-250,12,cotton cleopatra b. v. ff. 222-250
dares phrygius,dares phrygius,,classical romances,cycle of troy,harley,harley 641. ff. 1-8,harley 641.,ff. 1-8,12,harley 641. ff. 1-8
dares phrygius,dares phrygius,,classical romances,cycle of troy,burney,burney 216. ff. 89-93 b,burney 216.,ff. 89-93 b,12,burney 216. ff. 89-93 b
dares phrygius,dares phrygius,,classical romances,cycle of troy,burney,burney 280. ff. 20 b-38 b,burney 280.,ff. 20 b-38 b,12,burney 280. ff. 20 b-38 b
dares phrygius,dares phrygius,,classical romances,cycle of troy,sloane,sloane 1619 ff. 29-37 b,sloane 1619,ff. 29-37 b,12,sloane 1619 ff. 29-37 b
dares phrygius,dares phrygius,,classical romances,cycle of troy,additional,"add. 10,094. ff. 1-14 b","add. 10,094.",ff. 1-14 b,12,"additional add. 10,094. ff. 1-14 b"
dares phrygius,dares phrygius,,classical romances,cycle of troy,additional,"add. 15,042","add. 15,042",,12,"additional add. 15,042"
dares phrygius,dares phrygius,,classical romances,cycle of troy,additional,"add. 19,709. ff. 1-7","add. 19,709.",ff. 1-7,12,"additional add. 19,709. ff. 1-7"
latin poems,,"simon chèvre d'or, etc",classical romances,cycle of troy,,,,,27,
roman de troie,roman de troie,benoît de sainte-more,classical romances,cycle of troy,harley,harley 4482,harley 4482,,35,harley 4482
roman de troie,roman de troie,benoît de sainte-more,classical romances,cycle of troy,additional,add. 30863,add. 30863,,35,additional add. 30863
historia trojana,historia trojana,guido delle colonne,classical romances,cycle of troy,royal,12. d. iii. ff. 38-143,12. d. iii.,ff. 38-143,40,royal 12. d. iii. ff. 38-143
historia trojana,historia trojana,guido delle colonne,classical romances,cycle of troy,royal,13. c. xii. ff. 6-32 b,13. c. xii.,ff. 6-32 b,40,royal 13. c. xii. ff. 6-32 b
historia trojana,historia trojana,guido delle colonne,classical romances,cycle of troy,royal,15. c. xvi. ff. 86-145,15. c. xvi.,ff. 86-145,40,royal 15. c. xvi. ff. 86-145
historia trojana,historia trojana,guido delle colonne,classical romances,cycle of troy,royal,16. f. ix.,16. f. ix.,,40,royal 16. f. ix.
historia trojana,historia trojana,guido delle colonne,classical romances,cycle of troy,harley,harley 51. ff. 3-105 b,harley 51.,ff. 3-105 b,40,harley 51. ff. 3-105 b
historia trojana,historia trojana,guido delle colonne,classical romances,cycle of troy,harley,harley 176,harley 176,,40,harley 176
historia trojana,historia trojana,guido delle colonne,classical romances,cycle of troy,harley,harley 3637,harley 3637,,40,harley 3637
historia trojana,historia trojana,guido delle colonne,classical romances,cycle of troy,harley,harley 3681,harley 3681,,40,harley 3681
historia trojana,historia trojana,guido delle colonne,classical romances,cycle of troy,harley,harley 4123. ff. 50-126,harley 4123.,ff. 50-126,40,harley 4123. ff. 50-126
historia trojana,historia trojana,guido delle colonne,classical romances,cycle of troy,harley,harley 4387,harley 4387,,40,harley 4387
historia trojana,historia trojana,guido delle colonne,classical romances,cycle of troy,lansdowne,lansdowne 229. ff. 164,lansdowne 229.,ff. 164,40,lansdowne 229. ff. 164
historia trojana,historia trojana,guido delle colonne,classical romances,cycle of troy,arundel,arundel 6 ff. 242-342 b,arundel 6,ff. 242-342 b,40,arundel 6 ff. 242-342 b
historia trojana,historia trojana,guido delle colonne,classical romances,cycle of troy,arundel,arundel 174,arundel 174,,40,arundel 174
historia trojana,historia trojana,guido delle colonne,classical romances,cycle of troy,additional,add. 9785,add. 9785,,40,additional add. 9785
historia trojana,historia trojana,guido delle colonne,classical romances,cycle of troy,additional,"add. 15,477","add. 15,477",,40,"additional add. 15,477"
historia trojana,historia trojana,guido delle colonne,classical romances,cycle of troy,additional,"add. 22,155","add. 22,155",,40,"additional add. 22,155"
trojumanna saga,trójumanna saga,,classical romances,cycle of troy,additional,add. 4869. ff. 2-66,add. 4869.,ff. 2-66,62,additional add. 4869. ff. 2-66
rimur af trojumonnum,rimur from trójumanna saga,jon jonsson,classical romances,cycle of troy,additional,"add. 11,113. ff. 171-281","add. 11,113.",ff. 171-281,63,"additional add. 11,113. ff. 171-281"
recueil,,raoul le fèvre,classical romances,cycle of troy,,,,,64,
latin history of troy,history of troy,,classical romances,cycle of troy,burney,burney 186. ff. 116-128,burney 186.,ff. 116-128,66,burney 186. ff. 116-128
filostrato,filostrato,boccaccio,classical romances,cycle of troy,additional,"add. 21,246","add. 21,246",,67,"additional add. 21,246"
troilus and chryseyde,troilus and cryseyde,chaucer,classical romances,cycle of troy,harley,harley 1239. ff. 1-62 b,harley 1239.,ff. 1-62 b,70,harley 1239. ff. 1-62 b
troilus and chryseyde,troilus and cryseyde,chaucer,classical romances,cycle of troy,harley,harley 2280,harley 2280,,70,harley 2280
troilus and chryseyde,troilus and cryseyde,chaucer,classical romances,cycle of troy,harley,harley 2392,harley 2392,,70,harley 2392
troilus and chryseyde,troilus and cryseyde,chaucer,classical romances,cycle of troy,harley,harley 3943,harley 3943,,70,harley 3943
troilus and chryseyde,troilus and cryseyde,chaucer,classical romances,cycle of troy,harley,harley 4912,harley 4912,,70,harley 4912
troilus and chryseyde,troilus and cryseyde,chaucer,classical romances,cycle of troy,additional,"add. 12,044","add. 12,044",,70,"additional add. 12,044"
troy book,troy book,lydgate,classical romances,cycle of troy,royal,18. d. ii. ff. 6-146,18. d. ii.,ff. 6-146,75,royal 18. d. ii. ff. 6-146
troy book,troy book,lydgate,classical romances,cycle of troy,royal,18. d. vi.,18. d. vi.,,75,royal 18. d. vi.
troy book,troy book,lydgate,classical romances,cycle of troy,cotton,augustus a. iv.,augustus a. iv.,,75,cotton augustus a. iv.
troy book,troy book,lydgate,classical romances,cycle of troy,arundel,arundel 99,arundel 99,,75,arundel 99
roman d'eneas,roman d'eneas,,classical romances,cycle of troy,additional,"add. 14,100","add. 14,100",,82,"additional add. 14,100"
romance of troy,romance of troy,,classical romances,cycle of troy,harley,harley 525. ff. 1-34 b,harley 525.,ff. 1-34 b,84,harley 525. ff. 1-34 b
romance of thebes,romance of thebes,lydgate,classical romances,,royal,18. d. ii. ff. 147 b-162,18. d. ii.,ff. 147 b-162,87,royal 18. d. ii. ff. 147 b-162
romance of thebes,romance of thebes,lydgate,classical romances,,cotton,"cotton appendix xxvii. ff. 11-61; formerly ff. 106-130 b, and xxxix. ff. 80-103 b",cotton appendix xxvii.,"ff. 11-61; formerly ff. 106-130 b, and xxxix. ff. 80-103 b",87,"cotton appendix xxvii. ff. 11-61; formerly ff. 106-130 b, and xxxix. ff. 80-103 b"
romance of thebes,romance of thebes,lydgate,classical romances,,arundel,arundel 119,arundel 119,,87,arundel 119
romance of thebes,romance of thebes,lydgate,classical romances,,additional,"add. 18,632. ff. 5-33","add. 18,632.",ff. 5-33,87,"additional add. 18,632. ff. 5-33"
"romance of jason, from raoul le fèvre (dutch)",romance of jason,,classical romances,,additional,"add. 10,290. ff. 2-161","add. 10,290.",ff. 2-161,92,"additional add. 10,290. ff. 2-161"
alexandreis,alexandreis,gaultier de châtillon,classical romances,cycle of alexander,royal,8. b. iv. ff. 19-71 b,8. b. iv.,ff. 19-71 b,94,royal 8. b. iv. ff. 19-71 b
alexandreis,alexandreis,gaultier de châtillon,classical romances,cycle of alexander,royal,15. a. x. ff. 2-89,15. a. x.,ff. 2-89,94,royal 15. a. x. ff. 2-89
alexandreis,alexandreis,gaultier de châtillon,classical romances,cycle of alexander,harley,harley 4745,harley 4745,,94,harley 4745
alexandreis,alexandreis,gaultier de châtillon,classical romances,cycle of alexander,harley,harley 5437,harley 5437,,94,harley 5437
alexandreis,alexandreis,gaultier de châtillon,classical romances,cycle of alexander,burney,burney 312,burney 312,,94,burney 312
alexandreis,alexandreis,gaultier de châtillon,classical romances,cycle of alexander,additional,"add. 17,084","add. 17,084",,94,"additional add. 17,084"
alexandreis,alexandreis,gaultier de châtillon,classical romances,cycle of alexander,additional,"add. 18,217","add. 18,217",,94,"additional add. 18,217"
alexandreis,alexandreis,gaultier de châtillon,classical romances,cycle of alexander,additional,"add. 22,821","add. 22,821",,94,"additional add. 22,821"
alexanders saga,alexander saga,brandr jonsson,classical romances,cycle of alexander,additional,"add. 11,238. ff. 507-692 b","add. 11,238.",ff. 507-692 b,104,"additional add. 11,238. ff. 507-692 b"
alexanders saga,alexander saga,brandr jonsson,classical romances,cycle of alexander,additional,"add. 24,969. ff. 128 b-151 b","add. 24,969.",ff. 128 b-151 b,104,"additional add. 24,969. ff. 128 b-151 b"
"alexander, abridged from julius valerius",alexandreis,,classical romances,cycle of alexander,royal,8. b. iv. ff. 19-71 b,8. b. iv.,ff. 19-71 b,106,royal 8. b. iv. ff. 19-71 b
"alexander, abridged from julius valerius",alexandreis,,classical romances,cycle of alexander,royal,15. a. x. ff. 2-89,15. a. x.,ff. 2-89,106,royal 15. a. x. ff. 2-89
"alexander, abridged from julius valerius",alexandreis,,classical romances,cycle of alexander,harley,harley 4745,harley 4745,,106,harley 4745
"alexander, abridged from julius valerius",alexandreis,,classical romances,cycle of alexander,harley,harley 5437,harley 5437,,106,harley 5437
"alexander, abridged from julius valerius",alexandreis,,classical romances,cycle of alexander,burney,burney 312,burney 312,,106,burney 312
"alexander, abridged from julius valerius",alexandreis,,classical romances,cycle of alexander,additional,"add. 17,084","add. 17,084",,106,"additional add. 17,084"
"alexander, abridged from julius valerius",alexandreis,,classical romances,cycle of alexander,additional,"add. 18,217","add. 18,217",,106,"additional add. 18,217"
"alexander, abridged from julius valerius",alexandreis,,classical romances,cycle of alexander,additional,"add. 22,821","add. 22,821",,106,"additional add. 22,821"
"alexander, or historia de preliis",alexandreis,,classical romances,cycle of alexander,royal,8. b. iv. ff. 19-71 b,8. b. iv.,ff. 19-71 b,120,royal 8. b. iv. ff. 19-71 b
"alexander, or historia de preliis",alexandreis,,classical romances,cycle of alexander,royal,15. a. x. ff. 2-89,15. a. x.,ff. 2-89,120,royal 15. a. x. ff. 2-89
"alexander, or historia de preliis",alexandreis,,classical romances,cycle of alexander,harley,harley 4745,harley 4745,,120,harley 4745
"alexander, or historia de preliis",alexandreis,,classical romances,cycle of alexander,harley,harley 5437,harley 5437,,120,harley 5437
"alexander, or historia de preliis",alexandreis,,classical romances,cycle of alexander,burney,burney 312,burney 312,,120,burney 312
"alexander, or historia de preliis",alexandreis,,classical romances,cycle of alexander,additional,"add. 17,084","add. 17,084",,120,"additional add. 17,084"
"alexander, or historia de preliis",alexandreis,,classical romances,cycle of alexander,additional,"add. 18,217","add. 18,217",,120,"additional add. 18,217"
"alexander, or historia de preliis",alexandreis,,classical romances,cycle of alexander,additional,"add. 22,821","add. 22,821",,120,"additional add. 22,821"
"marvels of india, etc",marvels of india,,classical romances,cycle of alexander,cotton,vitellius a. xv. ff. 109-133 b,vitellius a. xv.,ff. 109-133 b,131,cotton vitellius a. xv. ff. 109-133 b
"marvels of india, etc",marvels of india,,classical romances,cycle of alexander,arundel,arundel 242. ff. 160-182,arundel 242.,ff. 160-182,131,arundel 242. ff. 160-182
"treatise on the brahmins, ascribed to palladius of galatia",treatise on the brahmins,,classical romances,cycle of alexander,arundel,arundel 546. ff. 265 b-280 b,arundel 546.,ff. 265 b-280 b,134,arundel 546. ff. 265 b-280 b
"letters of dindimus the brahmin, etc",letters of dindimus to alexander the great,,classical romances,cycle of alexander,cotton,galba e. xi. ff. 98 b-101 b,galba e. xi.,ff. 98 b-101 b,136,cotton galba e. xi. ff. 98 b-101 b
alexandreis,alexandreis,ulrich von eschenbach,classical romances,cycle of alexander,royal,8. b. iv. ff. 19-71 b,8. b. iv.,ff. 19-71 b,141,royal 8. b. iv. ff. 19-71 b
alexandreis,alexandreis,ulrich von eschenbach,classical romances,cycle of alexander,royal,15. a. x. ff. 2-89,15. a. x.,ff. 2-89,141,royal 15. a. x. ff. 2-89
alexandreis,alexandreis,ulrich von eschenbach,classical romances,cycle of alexander,harley,harley 4745,harley 4745,,141,harley 4745
alexandreis,alexandreis,ulrich von eschenbach,classical romances,cycle of alexander,harley,harley 5437,harley 5437,,141,harley 5437
alexandreis,alexandreis,ulrich von eschenbach,classical romances,cycle of alexander,burney,burney 312,burney 312,,141,burney 312
alexandreis,alexandreis,ulrich von eschenbach,classical romances,cycle of alexander,additional,"add. 17,084","add. 17,084",,141,"additional add. 17,084"
alexandreis,alexandreis,ulrich von eschenbach,classical romances,cycle of alexander,additional,"add. 18,217","add. 18,217",,141,"additional add. 18,217"
alexandreis,alexandreis,ulrich von eschenbach,classical romances,cycle of alexander,additional,"add. 22,821","add. 22,821",,141,"additional add. 22,821"
la vengeance d'alexandre,la vengeance d'alexandre,,classical romances,cycle of alexander,royal,19. d. i. ff. 47-57,19. d. i.,ff. 47-57,143,royal 19. d. i. ff. 47-57
voeux du paon,voeux du paon,,classical romances,cycle of alexander,harley,harley 3992,harley 3992,,146,harley 3992
voeux du paon,voeux du paon,,classical romances,cycle of alexander,arundel,arundel 230 ff. 181 b,arundel 230,ff. 181 b,146,arundel 230 ff. 181 b
voeux du paon,voeux du paon,,classical romances,cycle of alexander,additional,"add. 16,956","add. 16,956",,146,"additional add. 16,956"
voeux du paon,voeux du paon,,classical romances,cycle of alexander,additional,add. 30864,add. 30864,,146,additional add. 30864
florimont,florimont,aimé de varennes,classical romances,cycle of alexander,harley,harley 3983. ff. 2-82 b,harley 3983.,ff. 2-82 b,156,harley 3983. ff. 2-82 b
florimont,florimont,aimé de varennes,classical romances,cycle of alexander,harley,harley 4487. ff. 3-96,harley 4487.,ff. 3-96,156,harley 4487. ff. 3-96
apollonius of tyre,apollonius of tyre,,classical romances,,royal,14. c. xi. ff. 80-83 b,14. c. xi.,ff. 80-83 b,161,royal 14. c. xi. ff. 80-83 b
apollonius of tyre,apollonius of tyre,,classical romances,,royal,20. c. ii. ff. 210-236,20. c. ii.,ff. 210-236,161,royal 20. c. ii. ff. 210-236
apollonius of tyre,apollonius of tyre,,classical romances,,cotton,vespasian a. xiii. ff. 132-147 b,vespasian a. xiii.,ff. 132-147 b,161,cotton vespasian a. xiii. ff. 132-147 b
apollonius of tyre,apollonius of tyre,,classical romances,,cotton,titus d. iii. ff. 127-137 b,titus d. iii.,ff. 127-137 b,161,cotton titus d. iii. ff. 127-137 b
apollonius of tyre,apollonius of tyre,,classical romances,,arundel,arundel 123. ff. 33-42 b,arundel 123.,ff. 33-42 b,161,arundel 123. ff. 33-42 b
apollonius of tyre,apollonius of tyre,,classical romances,,arundel,arundel 292. ff. 41-61,arundel 292.,ff. 41-61,161,arundel 292. ff. 41-61
apollonius of tyre,apollonius of tyre,,classical romances,,sloane,sloane 1619 ff. 18-29,sloane 1619,ff. 18-29,161,sloane 1619 ff. 18-29
apollonius of tyre,apollonius of tyre,,classical romances,,sloane,sloane 2233,sloane 2233,,161,sloane 2233
apollonius of tyre,apollonius of tyre,,classical romances,,additional,add. 4857. ff. 28-56 b,add. 4857.,ff. 28-56 b,161,additional add. 4857. ff. 28-56 b
apollonius of tyre,apollonius of tyre,,classical romances,,additional,add. 4864. ff. 88-114 b,add. 4864.,ff. 88-114 b,161,additional add. 4864. ff. 88-114 b
sir orpheo,sir orpheo,,classical romances,,harley,harley 3810. part i. ff. 1-10,harley 3810. part i.,ff. 1-10,171,harley 3810. part i. ff. 1-10
athis et profilias,roman d'athis et profilas,alexandre de bernay,classical romances,,additional,"add. 16,441","add. 16,441",,173,"additional add. 16,441"
athis et profilias,roman d'athis et profilas,alexandre de bernay,classical romances,,additional,"add. 16,441","add. 16,441",,173,"additional add. 16,441"
"titus and vespasian, a chanson de geste",titus and vespasian,,classical romances,,royal,16. e. viii. ff. 73-102 b,16. e. viii.,ff. 73-102 b,176,royal 16. e. viii. ff. 73-102 b
"titus and vespasian, a chanson de geste",titus and vespasian,,classical romances,,cotton,caligula a. ii. ff. 111-125,caligula a. ii.,ff. 111-125,176,cotton caligula a. ii. ff. 111-125
"titus and vespasian, a chanson de geste",titus and vespasian,,classical romances,,cotton,vespasian e. xvi. ff. 70-75 b,vespasian e. xvi.,ff. 70-75 b,176,cotton vespasian e. xvi. ff. 70-75 b
"titus and vespasian, a chanson de geste",titus and vespasian,,classical romances,,additional,"add. 10,038. ff. 2-81 b","add. 10,038.",ff. 2-81 b,176,"additional add. 10,038. ff. 2-81 b"
"titus and vespasian, a chanson de geste",titus and vespasian,,classical romances,,additional,"add. 10,289. ff. 82-121","add. 10,289.",ff. 82-121,176,"additional add. 10,289. ff. 82-121"
"titus and vespasian, a chanson de geste",titus and vespasian,,classical romances,,additional,add. 31042 ff 50-66,add. 31042,ff50-66,176,additional add. 31042 ff 50-66
"titus and vespasian, an english poem",titus and vespasian,,classical romances,,royal,16. e. viii. ff. 73-102 b,16. e. viii.,ff. 73-102 b,180,royal 16. e. viii. ff. 73-102 b
"titus and vespasian, an english poem",titus and vespasian,,classical romances,,cotton,caligula a. ii. ff. 111-125,caligula a. ii.,ff. 111-125,180,cotton caligula a. ii. ff. 111-125
"titus and vespasian, an english poem",titus and vespasian,,classical romances,,cotton,vespasian e. xvi. ff. 70-75 b,vespasian e. xvi.,ff. 70-75 b,180,cotton vespasian e. xvi. ff. 70-75 b
"titus and vespasian, an english poem",titus and vespasian,,classical romances,,additional,"add. 10,038. ff. 2-81 b","add. 10,038.",ff. 2-81 b,180,"additional add. 10,038. ff. 2-81 b"
"titus and vespasian, an english poem",titus and vespasian,,classical romances,,additional,"add. 10,289. ff. 82-121","add. 10,289.",ff. 82-121,180,"additional add. 10,289. ff. 82-121"
"titus and vespasian, an english poem",titus and vespasian,,classical romances,,additional,add. 31042 ff 50-66,add. 31042,ff50-66,180,additional add. 31042 ff 50-66
prophecy of the tenth sibyl,prophecy of the tenth sibyl,,classical romances,,royal,13. a. xiv. ff. 244-247,13. a. xiv.,ff. 244-247,190,royal 13. a. xiv. ff. 244-247
prophecy of the tenth sibyl,prophecy of the tenth sibyl,,classical romances,,royal,15. a. xxii. ff. 110-115,15. a. xxii.,ff. 110-115,190,royal 15. a. xxii. ff. 110-115
prophecy of the tenth sibyl,prophecy of the tenth sibyl,,classical romances,,royal,15. b. xi. ff. 67-69,15. b. xi.,ff. 67-69,190,royal 15. b. xi. ff. 67-69
prophecy of the tenth sibyl,prophecy of the tenth sibyl,,classical romances,,cotton,caligula a. x. ff. 200-204,caligula a. x.,ff. 200-204,190,cotton caligula a. x. ff. 200-204
prophecy of the tenth sibyl,prophecy of the tenth sibyl,,classical romances,,cotton,"caligula b. vii. ff. 219, 220",caligula b. vii.,"ff. 219, 220",190,"cotton caligula b. vii. ff. 219, 220"
prophecy of the tenth sibyl,prophecy of the tenth sibyl,,classical romances,,cotton,vespasian b. xxv. ff. 117 b-123,vespasian b. xxv.,ff. 117 b-123,190,cotton vespasian b. xxv. ff. 117 b-123
prophecy of the tenth sibyl,prophecy of the tenth sibyl,,classical romances,,cotton,vespasian e. iv. ff. 143-147,vespasian e. iv.,ff. 143-147,190,cotton vespasian e. iv. ff. 143-147
prophecy of the tenth sibyl,prophecy of the tenth sibyl,,classical romances,,cotton,titus d. iii. ff. 143-147 b,titus d. iii.,ff. 143-147 b,190,cotton titus d. iii. ff. 143-147 b
prophecy of the tenth sibyl,prophecy of the tenth sibyl,,classical romances,,cotton,domitian xiii. ff. 104-107,domitian xiii.,ff. 104-107,190,cotton domitian xiii. ff. 104-107
prophecy of the tenth sibyl,prophecy of the tenth sibyl,,classical romances,,cotton,domitian xiii. ff. 132 b-134 b,domitian xiii.,ff. 132 b-134 b,190,cotton domitian xiii. ff. 132 b-134 b
prophecy of the tenth sibyl,prophecy of the tenth sibyl,,classical romances,,egerton,egerton 810 ff. 106-109 b,egerton 810,ff. 106-109 b,190,egerton 810 ff. 106-109 b
"life of virgil, in icelandic (from the dutch)",life of virgilius,,classical romances,,additional,add. 4859. ff. 81 b-91,add. 4859.,ff. 81 b-91,196,additional add. 4859. ff. 81 b-91
"life of virgil, in icelandic (from the dutch)",life of virgilius,,classical romances,,additional,"add. 11,141. ff. 132-147","add. 11,141.",ff. 132-147,196,"additional add. 11,141. ff. 132-147"
"albina and her sisters, or de origine gigantum",story of albina and her sisters,,british and english traditions,,cotton,"nero d. viii. ff. 186, 187",nero d. viii.,"ff. 186, 187",198,"cotton nero d. viii. ff. 186, 187"
"albina and her sisters, or de origine gigantum",story of albina and her sisters,,british and english traditions,,cotton,vespasian e. x. ff. 390 b-392,vespasian e. x.,ff. 390 b-392,198,cotton vespasian e. x. ff. 390 b-392
"albina and her sisters, or de origine gigantum",story of albina and her sisters,,british and english traditions,,cotton,titus a. xix. ff. 103,titus a. xix.,ff. 103,198,cotton titus a. xix. ff. 103
"albina and her sisters, or de origine gigantum",story of albina and her sisters,,british and english traditions,,cotton,cleopatra d. viii. ff. 3 b-5,cleopatra d. viii.,ff. 3 b-5,198,cotton cleopatra d. viii. ff. 3 b-5
"albina and her sisters, or de origine gigantum",story of albina and her sisters,,british and english traditions,,cotton,"cleopatra d. ix. ff. 67, 68",cleopatra d. ix.,"ff. 67, 68",198,"cotton cleopatra d. ix. ff. 67, 68"
"albina and her sisters, or de origine gigantum",story of albina and her sisters,,british and english traditions,,harley,harley 941. ff. 1-3,harley 941.,ff. 1-3,198,harley 941. ff. 1-3
"albina and her sisters, or de origine gigantum",story of albina and her sisters,,british and english traditions,,harley,harley 2386. ff. 65 b-67,harley 2386.,ff. 65 b-67,198,harley 2386. ff. 65 b-67
historia regum britannia,historia regum britannia,geoffrey of monmouth,british and english traditions,,royal,14. c. i. ff. 80-137,14. c. i.,ff. 80-137,203,royal 14. c. i. ff. 80-137
historia regum britannia,historia regum britannia,geoffrey of monmouth,british and english traditions,,royal,15. c. xvi. ff. 146-183 b,15. c. xvi.,ff. 146-183 b,203,royal 15. c. xvi. ff. 146-183 b
roman de brut,roman de brut,wace,british and english traditions,,royal,13. a. xxi. ff. 40 b-113,13. a. xxi.,ff. 40 b-113,259,royal 13. a. xxi. ff. 40 b-113
roman de brut,roman de brut,wace,british and english traditions,,cotton,vitellius a. x. ff. 19-114 b,vitellius a. x.,ff. 19-114 b,259,cotton vitellius a. x. ff. 19-114 b
roman de brut,roman de brut,wace,british and english traditions,,harley,harley 6508,harley 6508,,259,harley 6508
lazamon's brut,lazamon's brut,,british and english traditions,,cotton,caligula a. ix. ff. 3-194 b,caligula a. ix.,ff. 3-194 b,268,cotton caligula a. ix. ff. 3-194 b
chanson de brut,chanson de brut,,british and english traditions,,harley,harley 1605. art. i.,harley 1605. art. i.,,272,harley 1605. art. i.
gesta regum britanniae,gesta regum britannia,pseudo-gildas,british and english traditions,,cotton,julius d. xi. ff. 2-60,julius d. xi.,ff. 2-60,274,cotton julius d. xi. ff. 2-60
brutus,brutus,,british and english traditions,,cotton,vespasian a. x. ff. 44 b-51,vespasian a. x.,ff. 44 b-51,277,cotton vespasian a. x. ff. 44 b-51
vita merlini,vita merlini,geffrey of monmouth,british and english traditions,,royal,13. e. i. ff. 143-146,13. e. i.,ff. 143-146,278,royal 13. e. i. ff. 143-146
vita merlini,vita merlini,geffrey of monmouth,british and english traditions,,cotton,julius e. viii. ff. 12 b-17 b,julius e. viii.,ff. 12 b-17 b,278,cotton julius e. viii. ff. 12 b-17 b
vita merlini,vita merlini,geffrey of monmouth,british and english traditions,,cotton,vespasian e. iv. ff. 112 b-138 b,vespasian e. iv.,ff. 112 b-138 b,278,cotton vespasian e. iv. ff. 112 b-138 b
vita merlini,vita merlini,geffrey of monmouth,british and english traditions,,cotton,titus a. xix. ff. 63-73 b,titus a. xix.,ff. 63-73 b,278,cotton titus a. xix. ff. 63-73 b
vita merlini,vita merlini,geffrey of monmouth,british and english traditions,,harley,harley 655. ff. 200 b-204 b,harley 655.,ff. 200 b-204 b,278,harley 655. ff. 200 b-204 b
prophecies of merlin and others,prophecies of merlin and others,,british and english traditions,,harley,harley 1717. ff. 249 b-250 b,harley 1717.,ff. 249 b-250 b,292,harley 1717. ff. 249 b-250 b
"thomas of erceldoune, etc",thomas of erceldoune,,british and english traditions,,cotton,vitellius e. x. ff. 240 b-243,vitellius e. x.,ff. 240 b-243,328,cotton vitellius e. x. ff. 240 b-243
"thomas of erceldoune, etc",thomas of erceldoune,,british and english traditions,,lansdowne,"lansdowne 762. ff. 24-31, 48-58 b, 61 b-71, 75-88",lansdowne 762.,"ff. 24-31, 48-58 b, 61 b-71, 75-88",328,"lansdowne 762. ff. 24-31, 48-58 b, 61 b-71, 75-88"
kinge humber,king humber,,british and english traditions,,additional,add. 27879 f 248,add. 27879 f 248,,339,additional add. 27879 f 248
saint graal,saint graal,,british and english traditions,cycle of arthur,royal,14. e. iii. ff. 3-88 b,14. e. iii.,ff. 3-88 b,340,royal 14. e. iii. ff. 3-88 b
saint graal,saint graal,,british and english traditions,cycle of arthur,royal,19. c. vii.,19. c. vii.,,340,royal 19. c. vii.
saint graal,saint graal,,british and english traditions,cycle of arthur,additional,"add. 10,292. ff. 1-76","add. 10,292.",ff. 1-76,340,"additional add. 10,292. ff. 1-76"
merlin,merlin,,british and english traditions,cycle of arthur,harley,harley 6223. art. i.,harley 6223. art. i.,,343,harley 6223. art. i.
merlin,merlin,,british and english traditions,cycle of arthur,harley,harley 6340,harley 6340,,343,harley 6340
merlin,merlin,,british and english traditions,cycle of arthur,additional,"add. 10,292. ff. 76-216 b","add. 10,292.",ff. 76-216 b,343,"additional add. 10,292. ff. 76-216 b"
merlin,merlin,,british and english traditions,cycle of arthur,additional,add. 27879 ff. 72 b-89,add. 27879,ff. 72 b-89,343,additional add. 27879 ff. 72 b-89
lancelot du lac,lancelot du lac,,british and english traditions,cycle of arthur,royal,14. e. iii. ff. 89-161 b,14. e. iii.,ff. 89-161 b,345,royal 14. e. iii. ff. 89-161 b
lancelot du lac,lancelot du lac,,british and english traditions,cycle of arthur,royal,19. b. vii.,19. b. vii.,,345,royal 19. b. vii.
lancelot du lac,lancelot du lac,,british and english traditions,cycle of arthur,royal,19. c. viii.,19. c. viii.,,345,royal 19. c. viii.
lancelot du lac,lancelot du lac,,british and english traditions,cycle of arthur,royal,20. b. xix.,20. b. xix.,,345,royal 20. b. xix.
lancelot du lac,lancelot du lac,,british and english traditions,cycle of arthur,royal,20. c. vi.,20. c. vi.,,345,royal 20. c. vi.
lancelot du lac,lancelot du lac,,british and english traditions,cycle of arthur,royal,20. d. iii.,20. d. iii.,,345,royal 20. d. iii.
lancelot du lac,lancelot du lac,,british and english traditions,cycle of arthur,royal,20. d. iv.,20. d. iv.,,345,royal 20. d. iv.
lancelot du lac,lancelot du lac,,british and english traditions,cycle of arthur,harley,harley 4419,harley 4419,,345,harley 4419
lancelot du lac,lancelot du lac,,british and english traditions,cycle of arthur,harley,harley 6341,harley 6341,,345,harley 6341
lancelot du lac,lancelot du lac,,british and english traditions,cycle of arthur,lansdowne,lansdowne 757,lansdowne 757,,345,lansdowne 757
lancelot du lac,lancelot du lac,,british and english traditions,cycle of arthur,additional,"add. 10,293","add. 10,293",,345,"additional add. 10,293"
lancelot du lac,lancelot du lac,,british and english traditions,cycle of arthur,additional,"add. 10,294","add. 10,294",,345,"additional add. 10,294"
lancelot du lac,lancelot du lac,,british and english traditions,cycle of arthur,additional,"add. 17,443","add. 17,443",,345,"additional add. 17,443"
tristram,tristram,,british and english traditions,cycle of arthur,royal,20. d. ii.,20. d. ii.,,356,royal 20. d. ii.
tristram,tristram,,british and english traditions,cycle of arthur,harley,harley 49,harley 49,,356,harley 49
tristram,tristram,,british and english traditions,cycle of arthur,harley,harley 4389,harley 4389,,356,harley 4389
tristram,tristram,,british and english traditions,cycle of arthur,additional,add. 5474,add. 5474,,356,additional add. 5474
tristram,tristram,,british and english traditions,cycle of arthur,additional,"add. 23,829","add. 23,829",,356,"additional add. 23,829"
tristram,tristram,,british and english traditions,cycle of arthur,egerton,egerton 989,egerton 989,,356,egerton 989
meliadus,meliadus,,british and english traditions,cycle of arthur,additional,"add. 12,228","add. 12,228",,364,"additional add. 12,228"
guiron le courtois,guiron le courtois,,british and english traditions,cycle of arthur,additional,"add. 23,930. ff. 1-87 b","add. 23,930.",ff. 1-87 b,369,"additional add. 23,930. ff. 1-87 b"
prophecies de merlin,prophecies de merlin,,british and english traditions,cycle of arthur,harley,harley 1629,harley 1629,,371,harley 1629
prophecies de merlin,prophecies de merlin,,british and english traditions,cycle of arthur,additional,"add. 25,434","add. 25,434",,371,"additional add. 25,434"
"meriadoc, and gawain",meriadoc and gawain,,british and english traditions,cycle of arthur,cotton,faustina b. vi. ff. 2-40 b,faustina b. vi.,ff. 2-40 b,374,cotton faustina b. vi. ff. 2-40 b
perceforest,perceforest,,british and english traditions,cycle of arthur,royal,15. e. v.,15. e. v.,,377,royal 15. e. v.
perceforest,perceforest,,british and english traditions,cycle of arthur,royal,19. e. ii.,19. e. ii.,,377,royal 19. e. ii.
perceforest,perceforest,,british and english traditions,cycle of arthur,royal,19. e. iii.,19. e. iii.,,377,royal 19. e. iii.
artus de bretagne,artus de bretagne,,british and english traditions,cycle of arthur,additional,"add. 10,295","add. 10,295",,382,"additional add. 10,295"
cleriadus et meliadice,cleriadus et meliadice,,british and english traditions,cycle of arthur,royal,20. c. ii. ff. 1-209 b,20. c. ii.,ff. 1-209 b,383,royal 20. c. ii. ff. 1-209 b
"birth of merlin, in french verse",birth of merlin,,british and english traditions,cycle of arthur,arundel,arundel 220. art. l,arundel 220. art. l,,384,arundel 220. art. l
"merlin, in english verse",merlin,,british and english traditions,cycle of arthur,harley,harley 6223. art. i.,harley 6223. art. i.,,385,harley 6223. art. i.
"merlin, in english verse",merlin,,british and english traditions,cycle of arthur,harley,harley 6340,harley 6340,,385,harley 6340
"merlin, in english verse",merlin,,british and english traditions,cycle of arthur,additional,"add. 10,292. ff. 76-216 b","add. 10,292.",ff. 76-216 b,385,"additional add. 10,292. ff. 76-216 b"
"merlin, in english verse",merlin,,british and english traditions,cycle of arthur,additional,add. 27879 ff. 72 b-89,add. 27879,ff. 72 b-89,385,additional add. 27879 ff. 72 b-89
"sir gawain and the green knight, and other similar english poems",sir gawain and the green knight,,british and english traditions,cycle of arthur,cotton,nero a. x. ff. 90 b-126,nero a. x.,ff. 90 b-126,387,cotton nero a. x. ff. 90 b-126
iwein,iwein,hartmann von aue,british and english traditions,cycle of arthur,additional,"add. 19,554. ff. 57-100 b","add. 19,554.",ff. 57-100 b,390,"additional add. 19,554. ff. 57-100 b"
ywain and gawain,ywain and gawain,,british and english traditions,cycle of arthur,cotton,galba e. ix. ff. 4-25,galba e. ix.,ff. 4-25,392,cotton galba e. ix. ff. 4-25
"peredur ab efrawc, and parcevals saga",peredur ab efrawc,,british and english traditions,cycle of arthur,additional,"add. 14,907. ff. 149-167","add. 14,907.",ff. 149-167,395,"additional add. 14,907. ff. 149-167"
"sir lancelot of dulake, and king arthur and the king of cornwall",sir lancelot of dulake,,british and english traditions,cycle of arthur,additional,"add. 27879 ff. 10-14, 16, 17",add. 27879,"ff. 10-14, 16, 17",397,"additional add. 27879 ff. 10-14, 16, 17"
wigalois,wigalois,wirnt von gravenberg,british and english traditions,cycle of arthur,additional,"add. 19,554. ff. 2-56 b","add. 19,554.",ff. 2-56 b,398,"additional add. 19,554. ff. 2-56 b"
lybeaus desconus,lybeaus desconus,,british and english traditions,cycle of arthur,cotton,caligula a. ii. ff. 42 b-57,caligula a. ii.,ff. 42 b-57,400,cotton caligula a. ii. ff. 42 b-57
gabons saga ok vigoles,gabons saga ok vigolea,,british and english traditions,cycle of arthur,additional,"add. 11,157. ff. 1-46 b","add. 11,157.",ff. 1-46 b,402,"additional add. 11,157. ff. 1-46 b"
ereks saga artuskappa,ereks saga artuskappa,,british and english traditions,cycle of arthur,additional,add. 4859. ff. 66-74 b,add. 4859.,ff. 66-74 b,403,additional add. 4859. ff. 66-74 b
"boy and mantle, and mottuls saga",boy and mantle,,british and english traditions,cycle of arthur,additional,"add. 27879 ff 140, 141",add. 27879,"ff140, 141",404,"additional add. 27879 ff 140, 141"
morte arthur,morte arthur,,british and english traditions,cycle of arthur,harley,harley 2252. ff. 86-133 b,harley 2252.,ff. 86-133 b,405,harley 2252. ff. 86-133 b
king arthur's death,king arthur's death,,british and english traditions,cycle of arthur,additional,"add. 27879 ff. 89, 91",add. 27879,"ff. 89, 91",406,"additional add. 27879 ff. 89, 91"
samsons saga,samsons saga fagra,,british and english traditions,cycle of arthur,additional,add. 4863. ff. 47-68 b,add. 4863.,ff. 47-68 b,407,additional add. 4863. ff. 47-68 b
lays of marie de fiance,lays of marie de france,,british and english traditions,,harley,harley 978. ff. 118-160,harley 978.,ff. 118-160,408,harley 978. ff. 118-160
emare,emare,,british and english traditions,,cotton,caligula a. ii. ff. 71-76 b,caligula a. ii.,ff. 71-76 b,418,cotton caligula a. ii. ff. 71-76 b
sir gowghter,sir gowghter,,british and english traditions,,royal,17. b. xliii. ff. 116-131 b,17. b. xliii.,ff. 116-131 b,419,royal 17. b. xliii. ff. 116-131 b
hanes taliesin,hanes taliesin,,british and english traditions,,additional,"add. 14,697. ff. 205-208 b","add. 14,697.",ff. 205-208 b,421,"additional add. 14,697. ff. 205-208 b"
hanes taliesin,hanes taliesin,,british and english traditions,,additional,"add. 15,002. ff. 144 b-147 b","add. 15,002.",ff. 144 b-147 b,421,"additional add. 15,002. ff. 144 b-147 b"
havelok,havelok,geffrei gaimar,british and english traditions,,royal,13. a. xxi. ff. 113-117 b,13. a. xxi.,ff. 113-117 b,423,royal 13. a. xxi. ff. 113-117 b
havelok,havelok,geffrei gaimar,british and english traditions,,royal,13. a. xxi. ff. 113-117 b,13. a. xxi.,ff. 113-117 b,423,royal 13. a. xxi. ff. 113-117 b
king horn,king horn,,british and english traditions,,harley,harley 527. ff. 59-73 b,harley 527.,ff. 59-73 b,447,harley 527. ff. 59-73 b
king horn,king horn,,british and english traditions,,harley,harley 2253. ff. 83-92 b,harley 2253.,ff. 83-92 b,447,harley 2253. ff. 83-92 b
pontus et sidoine,pontus and sidoine,,british and english traditions,,royal,15. e. vi. ff. 207-226 b,15. e. vi.,ff. 207-226 b,469,royal 15. e. vi. ff. 207-226 b
guy of warwick,guy of warwick,,british and english traditions,,royal,8. f. ix. ff. 105-159,8. f. ix.,ff. 105-159,471,royal 8. f. ix. ff. 105-159
guy of warwick,guy of warwick,,british and english traditions,,cotton,vespasian d. ix. ff. 40-43 b,vespasian d. ix.,ff. 40-43 b,471,cotton vespasian d. ix. ff. 40-43 b
guy of warwick,guy of warwick,,british and english traditions,,harley,harley 3775. ff. 15-26 b,harley 3775.,ff. 15-26 b,471,harley 3775. ff. 15-26 b
guy of warwick,guy of warwick,,british and english traditions,,harley,harley 5243,harley 5243,,471,harley 5243
guy of warwick,guy of warwick,,british and english traditions,,harley,harley 7333. ff. 33-35 b,harley 7333.,ff. 33-35 b,471,harley 7333. ff. 33-35 b
guy of warwick,guy of warwick,,british and english traditions,,lansdowne,lansdowne 699. ff. 18 b-27 b,lansdowne 699.,ff. 18 b-27 b,471,lansdowne 699. ff. 18 b-27 b
guy of warwick,guy of warwick,,british and english traditions,,sloane,sloane 1044. ff. 625,sloane 1044.,ff. 625,471,sloane 1044. ff. 625
guy of warwick,guy of warwick,,british and english traditions,,additional,"add. 14,408. ff. 74-77","add. 14,408.",ff. 74-77,471,"additional add. 14,408. ff. 74-77"
fulk fitz-warin,fulk fitz-warin,,british and english traditions,,royal,12. c. xii. ff. 33-60 b,12. c. xii.,ff. 33-60 b,501,royal 12. c. xii. ff. 33-60 b
tale of gamelyn,tale of gamelyn,,british and english traditions,,royal,17. d. xv. ff. 66 b-79 b,17. d. xv.,ff. 66 b-79 b,509,royal 17. d. xv. ff. 66 b-79 b
tale of gamelyn,tale of gamelyn,,british and english traditions,,royal,18. c. ii. ff. 56 b-67 b,18. c. ii.,ff. 56 b-67 b,509,royal 18. c. ii. ff. 56 b-67 b
tale of gamelyn,tale of gamelyn,,british and english traditions,,harley,harley 1758. ff. 48-55,harley 1758.,ff. 48-55,509,harley 1758. ff. 48-55
tale of gamelyn,tale of gamelyn,,british and english traditions,,harley,harley 7334. ff. 59-70 b,harley 7334.,ff. 59-70 b,509,harley 7334. ff. 59-70 b
tale of gamelyn,tale of gamelyn,,british and english traditions,,lansdowne,lansdowne 851. ff. 54 b-65,lansdowne 851.,ff. 54 b-65,509,lansdowne 851. ff. 54 b-65
tale of gamelyn,tale of gamelyn,,british and english traditions,,sloane,sloane 1685. ff. 51 b-62 b,sloane 1685.,ff. 51 b-62 b,509,sloane 1685. ff. 51 b-62 b
tale of gamelyn,tale of gamelyn,,british and english traditions,,sloane,sloane 1686. ff. 71-86 b,sloane 1686.,ff. 71-86 b,509,sloane 1686. ff. 71-86 b
robin and gandeleyn,robyn and gandelyn,,british and english traditions,,sloane,sloane 2593. ff. 14 b-15 b,sloane 2593.,ff. 14 b-15 b,516,sloane 2593. ff. 14 b-15 b
robin hood,robin hood,,british and english traditions,,additional,add. 27879 ff. 2-10,add. 27879,ff. 2-10,517,additional add. 27879 ff. 2-10
"adam bell, and other ballads of forest life",,,british and english traditions,,,,,,522,
miscellaneous ballads,miscellaneous ballads,,british and english traditions,,additional,add. 27879 ff. 14 b-24,add. 27879,ff. 14 b-24,525,additional add. 27879 ff. 14 b-24
scottish ballads,scottish ballads,,british and english traditions,,additional,"add. 22,311","add. 22,311",,531,"additional add. 22,311"
turpin's chronicle,turpin's chronicle,,french traditions,cycle of charlemagne,royal,4. c. xi. ff. 280-286 b,4. c. xi.,ff. 280-286 b,546,royal 4. c. xi. ff. 280-286 b
turpin's chronicle,turpin's chronicle,,french traditions,cycle of charlemagne,royal,13. d. i. ff. 212 b-222,13. d. i.,ff. 212 b-222,546,royal 13. d. i. ff. 212 b-222
turpin's chronicle,turpin's chronicle,,french traditions,cycle of charlemagne,cotton,caligula b. vii. ff. 192-203 b,caligula b. vii.,ff. 192-203 b,546,cotton caligula b. vii. ff. 192-203 b
turpin's chronicle,turpin's chronicle,,french traditions,cycle of charlemagne,cotton,nero a. xi. ff. 8-63,nero a. xi.,ff. 8-63,546,cotton nero a. xi. ff. 8-63
turpin's chronicle,turpin's chronicle,,french traditions,cycle of charlemagne,cotton,nero a. xi. ff. 8-63,nero a. xi.,ff. 8-63,546,cotton nero a. xi. ff. 8-63
turpin's chronicle,turpin's chronicle,,french traditions,cycle of charlemagne,cotton,vespasian a. xiii. ff. 94-114 b,vespasian a. xiii.,ff. 94-114 b,546,cotton vespasian a. xiii. ff. 94-114 b
turpin's chronicle,turpin's chronicle,,french traditions,cycle of charlemagne,cotton,titus a. xix. ff. 24-43,titus a. xix.,ff. 24-43,546,cotton titus a. xix. ff. 24-43
turpin's chronicle,turpin's chronicle,,french traditions,cycle of charlemagne,harley,harley 108. ff. 4 b-31 b,harley 108.,ff. 4 b-31 b,546,harley 108. ff. 4 b-31 b
turpin's chronicle,turpin's chronicle,,french traditions,cycle of charlemagne,harley,harley 273. ff. 86-102 b,harley 273.,ff. 86-102 b,546,harley 273. ff. 86-102 b
turpin's chronicle,turpin's chronicle,,french traditions,cycle of charlemagne,harley,harley 2361. ff. 138-139 b,harley 2361.,ff. 138-139 b,546,harley 2361. ff. 138-139 b
turpin's chronicle,turpin's chronicle,,french traditions,cycle of charlemagne,harley,harley 2500. ff. 139-155,harley 2500.,ff. 139-155,546,harley 2500. ff. 139-155
turpin's chronicle,turpin's chronicle,,french traditions,cycle of charlemagne,harley,harley 3043. ff. 17-31,harley 3043.,ff. 17-31,546,harley 3043. ff. 17-31
turpin's chronicle,turpin's chronicle,,french traditions,cycle of charlemagne,harley,harley 6358. ff. 60-83,harley 6358.,ff. 60-83,546,harley 6358. ff. 60-83
turpin's chronicle,turpin's chronicle,,french traditions,cycle of charlemagne,arundel,arundel 220. ff. 284-298 b,arundel 220.,ff. 284-298 b,546,arundel 220. ff. 284-298 b
turpin's chronicle,turpin's chronicle,,french traditions,cycle of charlemagne,additional,add. 6924. ff. 297-303,add. 6924.,ff. 297-303,546,additional add. 6924. ff. 297-303
turpin's chronicle,turpin's chronicle,,french traditions,cycle of charlemagne,additional,"add. 12,213. ff. 1-184 b","add. 12,213.",ff. 1-184 b,546,"additional add. 12,213. ff. 1-184 b"
turpin's chronicle,turpin's chronicle,,french traditions,cycle of charlemagne,additional,"add. 17,920. ff. 6 b-19 b","add. 17,920.",ff. 6 b-19 b,546,"additional add. 17,920. ff. 6 b-19 b"
turpin's chronicle,turpin's chronicle,,french traditions,cycle of charlemagne,additional,"add. 19,513. ff. 141-163","add. 19,513.",ff. 141-163,546,"additional add. 19,513. ff. 141-163"
karolellus,karolellus,,french traditions,cycle of charlemagne,royal,13. a. xviii. ff. 136-149 b,13. a. xviii.,ff. 136-149 b,595,royal 13. a. xviii. ff. 136-149 b
philomena,philomena,,french traditions,cycle of charlemagne,additional,"add. 21,218","add. 21,218",,596,"additional add. 21,218"
aspremont,aspremont,,french traditions,cycle of charlemagne,royal,15. e. vi. ff. 43-69 b,15. e. vi.,ff. 43-69 b,598,royal 15. e. vi. ff. 43-69 b
aspremont,aspremont,,french traditions,cycle of charlemagne,additional,"add. 10,508. ff. 1-63 b","add. 10,508.",ff. 1-63 b,598,"additional add. 10,508. ff. 1-63 b"
ogier le danois,ogier le danois,,french traditions,cycle of charlemagne,royal,15. e. vi. ff. 86-154 b,15. e. vi.,ff. 86-154 b,604,royal 15. e. vi. ff. 86-154 b
enfances ogier,enfances ogier,adenet le roi,french traditions,cycle of charlemagne,harley,harley 4404. ff. 102-251 b,harley 4404.,ff. 102-251 b,610,harley 4404. ff. 102-251 b
fierabras,fierabras,,french traditions,cycle of charlemagne,royal,15. e. vi. ff. 70-85 b,15. e. vi.,ff. 70-85 b,616,royal 15. e. vi. ff. 70-85 b
quatre fils aimon,quatre fils aimon,,french traditions,cycle of charlemagne,royal,15. e. vi. ff. 155-206,15. e. vi.,ff. 155-206,619,royal 15. e. vi. ff. 155-206
quatre fils aimon,quatre fils aimon,,french traditions,cycle of charlemagne,royal,16. g. ii.,16. g. ii.,,619,royal 16. g. ii.
quatre fils aimon,quatre fils aimon,,french traditions,cycle of charlemagne,sloane,sloane 960,sloane 960,,619,sloane 960
voyage de charlemagne,,,french traditions,cycle of charlemagne,,,,,625,
simon de pouille,simon de pouille,,french traditions,cycle of charlemagne,royal,15. e. vi. ff. 25-42 b,15. e. vi.,ff. 25-42 b,627,royal 15. e. vi. ff. 25-42 b
gui de bourgogne,gui de bourgogne,,french traditions,cycle of charlemagne,harley,harley 527. ff. 1-32,harley 527.,ff. 1-32,630,harley 527. ff. 1-32
battle of roncevaux,battle of roncevaux,,french traditions,cycle of charlemagne,cotton,titus a. xix. ff. 153-155,titus a. xix.,ff. 153-155,630,cotton titus a. xix. ff. 153-155
guillaume d'orange,guillaume d'orange,,french traditions,,royal,20. b. xix.,20. b. xix.,,632,royal 20. b. xix.
guillaume d'orange,guillaume d'orange,,french traditions,,royal,20. d. xi.,20. d. xi.,,632,royal 20. d. xi.
guillaume d'orange,guillaume d'orange,,french traditions,,harley,harley 1321,harley 1321,,632,harley 1321
girard de roussillon,girard de roussillon,,french traditions,,harley,harley 4334,harley 4334,,663,harley 4334
doon de la roche,doon de la roche,,french traditions,,harley,harley 4404. ff. 1-98,harley 4404.,ff. 1-98,671,harley 4404. ff. 1-98
reali di francia,reali di francia,,french traditions,,additional,"add. 22,312","add. 22,312",,672,"additional add. 22,312"
amys and amylion,amys and amylion,,french traditions,,harley,harley 2386. ff. 131-138,harley 2386.,ff. 131-138,674,harley 2386. ff. 131-138
ricciardetto,riccardetto,niccolo fortiguerra,french traditions,,additional,"add. 10,321","add. 10,321",,680,"additional add. 10,321"
romance of the peers of france,romance of the peers of france,,french traditions,,additional,"add. 10,508. ff. 64-96 b","add. 10,508.",ff. 64-96 b,682,"additional add. 10,508. ff. 64-96 b"
magus saga,magus saga jarls,,french traditions,,additional,add. 4860. ff. 157-188 b,add. 4860.,ff. 157-188 b,684,additional add. 4860. ff. 157-188 b
magus saga,magus saga jarls,,french traditions,,additional,add. 4869. ff. 67-101 b,add. 4869.,ff. 67-101 b,684,additional add. 4869. ff. 67-101 b
magus saga,magus saga jarls,,french traditions,,additional,add. 4874. ff. 1-66,add. 4874.,ff. 1-66,684,additional add. 4874. ff. 1-66
mélusine,mélusine,,french traditions,,royal,18. b. ii.,18. b. ii.,,687,royal 18. b. ii.
mélusine,mélusine,,french traditions,,harley,harley 4418,harley 4418,,687,harley 4418
mélusine,mélusine,,french traditions,,additional,add. 6796,add. 6796,,687,additional add. 6796
partonopeus de blois,partonopeus de blois,,french traditions,,additional,"add. 15,212. ff. 14 b-196 b","add. 15,212.",ff. 14 b-196 b,698,"additional add. 15,212. ff. 14 b-196 b"
chevalier au cygne,,,miscellaneous romance,,,,,,708,
florence de rome,florence de rome,,miscellaneous romance,,lansdowne,"lansdowne 362. ff. 75*, 75**, 76, 77",lansdowne 362.,"ff. 75*, 75**, 76, 77",711,"lansdowne 362. ff. 75*, 75**, 76, 77"
the chaste duchess,the chaste duchess,jacob wimpheling,miscellaneous romance,,additional,"add. 25,569. ff. 15 b-21","add. 25,569.",ff. 15 b-21,713,"additional add. 25,569. ff. 15 b-21"
floire et blancheflor,floire et blancheflor,,miscellaneous romance,,additional,"add. 15,213","add. 15,213",,714,"additional add. 15,213"
filocolo,filocolo,boccaccio,miscellaneous romance,,harley,harley 3314,harley 3314,,716,harley 3314
filocolo,filocolo,boccaccio,miscellaneous romance,,additional,"add. 14,682","add. 14,682",,716,"additional add. 14,682"
blanchandin et orgueillose d'amors,blanchandin et orgueillose d'amors,,miscellaneous romance,,additional,"add. 15,212. ff. 197-266 b","add. 15,212.",ff. 197-266 b,727,"additional add. 15,212. ff. 197-266 b"
ipomedon,ipomedon,hue de rotelande,miscellaneous romance,,harley,harley 2252. ff. 54-84,harley 2252.,ff. 54-84,728,harley 2252. ff. 54-84
"le dit de guillaume d'angleterre, etc","les deux chevaliers, and le dit de guillaume d'angleterre",,miscellaneous romance,,additional,"add. 15,606. ff. 110, col. 2,-113, col. 2; and 140 b-152","add. 15,606.","ff. 110, col. 2,-113, col. 2; and 140 b-152",757,"additional add. 15,606. ff. 110, col. 2,-113, col. 2; and 140 b-152"
sir isumbras,sir isumbras,,miscellaneous romance,,cotton,caligula a. ii. ff. 130-134,caligula a. ii.,ff. 130-134,760,cotton caligula a. ii. ff. 130-134
octavian the emperor,octavian the emperor,,miscellaneous romance,,cotton,caligula a. ii. ff. 22 b-35,caligula a. ii.,ff. 22 b-35,762,cotton caligula a. ii. ff. 22 b-35
king robert of sicily,king robert of sicily,,miscellaneous romance,,harley,harley 525. ff. 35-43 b,harley 525.,ff. 35-43 b,763,harley 525. ff. 35-43 b
king robert of sicily,king robert of sicily,,miscellaneous romance,,harley,harley 1701. ff. 92-95,harley 1701.,ff. 92-95,763,harley 1701. ff. 92-95
king robert of sicily,king robert of sicily,,miscellaneous romance,,additional,"add. 22,283. ff. 90 b-91 b","add. 22,283.",ff. 90 b-91 b,763,"additional add. 22,283. ff. 90 b-91 b"
sir eglamour of ortois,sir eglamour of artois,,miscellaneous romance,,cotton,caligula a. ii. ff. 5 b-13,caligula a. ii.,ff. 5 b-13,766,cotton caligula a. ii. ff. 5 b-13
the king of tars,the diana of montemayor,,miscellaneous romance,,additional,"add. 18,688","add. 18,688",,767,"additional add. 18,688"
theseus de cologne,theseus de cologne,,miscellaneous romance,,additional,"add. 16,955","add. 16,955",,769,"additional add. 16,955"
petit jean de saintré,petit jean de saintré,antoine de la salle,miscellaneous romance,,cotton,nero d. ix. ff. 1-108,nero d. ix.,ff. 1-108,775,cotton nero d. ix. ff. 1-108
petit jean de saintré,petit jean de saintré,antoine de la salle,miscellaneous romance,,additional,"add. 11,614","add. 11,614",,775,"additional add. 11,614"
floridam and elluide by rasse de brinchamel,floridam and elluide,,miscellaneous romance,,cotton,nero d. ix. ff. 109-115,nero d. ix.,ff. 109-115,779,cotton nero d. ix. ff. 109-115
the three kings' sons,the three kings' sons,,miscellaneous romance,,harley,harley 326. ff. 8-123 b,harley 326.,ff. 8-123 b,782,harley 326. ff. 8-123 b
uberto and philomena,uberto and philomena,,miscellaneous romance,,additional,"add. 12,196. ff. 1-48 b","add. 12,196.",ff. 1-48 b,784,"additional add. 12,196. ff. 1-48 b"
amadis de gaula (english translation),amadis de gaula,,miscellaneous romance,,lansdowne,lansdowne 766. ff. 1-18 b,lansdowne 766.,ff. 1-18 b,787,lansdowne 766. ff. 1-18 b
diana,,jorge de montemayor (english translation),miscellaneous romance,,,,,,789,
fiammetta,fiammetta,boccaccio,miscellaneous romance,,harley,harley 3573,harley 3573,,792,harley 3573
fiammetta,fiammetta,boccaccio,miscellaneous romance,,harley,harley 5427,harley 5427,,792,harley 5427
corbaccio,corbaccio,boccaccio,miscellaneous romance,,harley,harley 3581,harley 3581,,794,harley 3581
theagenes and stelliana,theagenes and stelliana,sir kenelm digby,miscellaneous romance,,harley,harley 6758,harley 6758,,795,harley 6758
aronus and marina,aronus and marina,,miscellaneous romance,,harley,harley 2678. ff. 93-96 b,harley 2678.,ff. 93-96 b,797,harley 2678. ff. 93-96 b
antiochus,tale of antiochus,leonardo bruni,miscellaneous romance,,harley,harley 3830. ff. 11 b-17 b,harley 3830.,ff. 11 b-17 b,798,harley 3830. ff. 11 b-17 b
tale of two lovers,tale of two lovers,aeneas sylvius,miscellaneous romance,,royal,12. c. xx. ff. 17-46,12. c. xx.,ff. 17-46,799,royal 12. c. xx. ff. 17-46
tale of two lovers,tale of two lovers,aeneas sylvius,miscellaneous romance,,harley,harley 1883. ff. 119-135 b,harley 1883.,ff. 119-135 b,799,harley 1883. ff. 119-135 b
tale of two lovers,tale of two lovers,aeneas sylvius,miscellaneous romance,,harley,harley 2492. ff. 154 b-169 b,harley 2492.,ff. 154 b-169 b,799,harley 2492. ff. 154 b-169 b
cassandra,cassandra,gautier de costes (english translation),miscellaneous romance,,sloane,sloane 457,sloane 457,,803,sloane 457
contes et fabliaux,contes et fabliaux,,miscellaneous romance,,additional,"add. 15,210-15,213","add. 15,210-15,213",,804,"additional add. 15,210-15,213"
romances and ballads,romances and ballads,,miscellaneous romance,,additional,"add. 27,979","add. 27,979",,817,"additional add. 27,979"
"tales and fables, etc (german)",tales and fables,,miscellaneous romance,,additional,"add. 24,946","add. 24,946",,826,"additional add. 24,946"
romantic tales (icelandic),two romantic tales,,miscellaneous romance,,additional,"add. 4869. ff. 161, 206",add. 4869.,"ff. 161, 206",841,"additional add. 4869. ff. 161, 206"
romantic tales (icelandic),two romantic tales,,miscellaneous romance,,additional,"add. 11,241. ff. 95, 140","add. 11,241.","ff. 95, 140",841,"additional add. 11,241. ff. 95, 140"
romantic tales (icelandic),two romantic tales,,miscellaneous romance,,additional,"add. 24,973. ff. 2-69 b","add. 24,973.",ff. 2-69 b,841,"additional add. 24,973. ff. 2-69 b"
roman de la rose,roman de la rose,guillaume de lorris and jean de meung,allegorical and didactic romance,,royal,19. a. xviii.,19. a. xviii.,,874,royal 19. a. xviii.
roman de la rose,roman de la rose,guillaume de lorris and jean de meung,allegorical and didactic romance,,royal,19. b. xii. ff. 2-147 b,19. b. xii.,ff. 2-147 b,874,royal 19. b. xii. ff. 2-147 b
roman de la rose,roman de la rose,guillaume de lorris and jean de meung,allegorical and didactic romance,,royal,19. b. xiii.,19. b. xiii.,,874,royal 19. b. xiii.
roman de la rose,roman de la rose,guillaume de lorris and jean de meung,allegorical and didactic romance,,royal,20. a. xvii.,20. a. xvii.,,874,royal 20. a. xvii.
roman de la rose,roman de la rose,guillaume de lorris and jean de meung,allegorical and didactic romance,,royal,20. d. vii.,20. d. vii.,,874,royal 20. d. vii.
roman de la rose,roman de la rose,guillaume de lorris and jean de meung,allegorical and didactic romance,,harley,harley 4425,harley 4425,,874,harley 4425
roman de la rose,roman de la rose,guillaume de lorris and jean de meung,allegorical and didactic romance,,additional,"add. 12,042","add. 12,042",,874,"additional add. 12,042"
roman de la rose,roman de la rose,guillaume de lorris and jean de meung,allegorical and didactic romance,,additional,"add. 16,169. ff. 1, 477","add. 16,169.","ff. 1, 477",874,"additional add. 16,169. ff. 1, 477"
roman de la rose,roman de la rose,guillaume de lorris and jean de meung,allegorical and didactic romance,,additional,"add. 31,840","add. 31,840",,874,"additional add. 31,840"
roman de la rose,roman de la rose,guillaume de lorris and jean de meung,allegorical and didactic romance,,egerton,egerton 881,egerton 881,,874,egerton 881
roman de la rose,roman de la rose,guillaume de lorris and jean de meung,allegorical and didactic romance,,egerton,egerton 1069,egerton 1069,,874,egerton 1069
roman de la rose,roman de la rose,guillaume de lorris and jean de meung,allegorical and didactic romance,,egerton,egerton 2022,egerton 2022,,874,egerton 2022
chemin de vaillance,le chemin de vaillance,jean de courcy,allegorical and didactic romance,,royal,14. e. ii. ff. 1-293,14. e. ii.,ff. 1-293,895,royal 14. e. ii. ff. 1-293
sydrac and boctus,sydrac and boctus,,allegorical and didactic romance,,royal,16. f. v. ff. 1-113 b,16. f. v.,ff. 1-113 b,903,royal 16. f. v. ff. 1-113 b
sydrac and boctus,sydrac and boctus,,allegorical and didactic romance,,harley,harley 1121. ff. 1-140,harley 1121.,ff. 1-140,903,harley 1121. ff. 1-140
sydrac and boctus,sydrac and boctus,,allegorical and didactic romance,,harley,harley 4294. ff. 1-79 b,harley 4294.,ff. 1-79 b,903,harley 4294. ff. 1-79 b
sydrac and boctus,sydrac and boctus,,allegorical and didactic romance,,harley,harley 4361,harley 4361,,903,harley 4361
sydrac and boctus,sydrac and boctus,,allegorical and didactic romance,,harley,harley 4417. ff. 1-141 b,harley 4417.,ff. 1-141 b,903,harley 4417. ff. 1-141 b
sydrac and boctus,sydrac and boctus,,allegorical and didactic romance,,harley,harley 4486. ff. 69-146,harley 4486.,ff. 69-146,903,harley 4486. ff. 69-146
sydrac and boctus,sydrac and boctus,,allegorical and didactic romance,,lansdowne,lansdowne 793,lansdowne 793,,903,lansdowne 793
sydrac and boctus,sydrac and boctus,,allegorical and didactic romance,,sloane,sloane 2232,sloane 2232,,903,sloane 2232
sydrac and boctus,sydrac and boctus,,allegorical and didactic romance,,additional,"add. 10,286. ff. 2-114","add. 10,286.",ff. 2-114,903,"additional add. 10,286. ff. 2-114"
sydrac and boctus,sydrac and boctus,,allegorical and didactic romance,,additional,"add. 16,563","add. 16,563",,903,"additional add. 16,563"
sydrac and boctus,sydrac and boctus,,allegorical and didactic romance,,additional,"add. 17,914","add. 17,914",,903,"additional add. 17,914"
livre de l'ordre de chevalerie,livre de l'ordre de chevalerie,,allegorical and didactic romance,,royal,14. e. ii. ff. 337-353 b,14. e. ii.,ff. 337-353 b,922,royal 14. e. ii. ff. 337-353 b
roman de troie,roman de troie,benoit de sainte-more,appendix,,harley,harley 4482,harley 4482,,924,harley 4482
roman de troie,roman de troie,benoit de sainte-more,appendix,,additional,add. 30863,add. 30863,,924,additional add. 30863
voeux du paon,voeux du paon,,appendix,,harley,harley 3992,harley 3992,,926,harley 3992
voeux du paon,voeux du paon,,appendix,,arundel,arundel 230 ff. 181 b,arundel 230,ff. 181 b,926,arundel 230 ff. 181 b
voeux du paon,voeux du paon,,appendix,,additional,"add. 16,956","add. 16,956",,926,"additional add. 16,956"
voeux du paon,voeux du paon,,appendix,,additional,add. 30864,add. 30864,,926,additional add. 30864
titus and vespasian,titus and vespasian,,appendix,,royal,16. e. viii. ff. 73-102 b,16. e. viii.,ff. 73-102 b,928,royal 16. e. viii. ff. 73-102 b
titus and vespasian,titus and vespasian,,appendix,,cotton,caligula a. ii. ff. 111-125,caligula a. ii.,ff. 111-125,928,cotton caligula a. ii. ff. 111-125
titus and vespasian,titus and vespasian,,appendix,,cotton,vespasian e. xvi. ff. 70-75 b,vespasian e. xvi.,ff. 70-75 b,928,cotton vespasian e. xvi. ff. 70-75 b
titus and vespasian,titus and vespasian,,appendix,,additional,"add. 10,038. ff. 2-81 b","add. 10,038.",ff. 2-81 b,928,"additional add. 10,038. ff. 2-81 b"
titus and vespasian,titus and vespasian,,appendix,,additional,"add. 10,289. ff. 82-121","add. 10,289.",ff. 82-121,928,"additional add. 10,289. ff. 82-121"
titus and vespasian,titus and vespasian,,appendix,,additional,add. 31042 ff 50-66,add. 31042,ff50-66,928,additional add. 31042 ff 50-66
athis et profilias,roman d'athis et profilas,,appendix,,additional,"add. 16,441","add. 16,441",,929,"additional add. 16,441"
athis et profilias,roman d'athis et profilas,,appendix,,additional,"add. 16,441","add. 16,441",,929,"additional add. 16,441"
titurel,titurel,albrecht von scharfenberg,appendix,,additional,add. 30984,add. 30984,,932,additional add. 30984
havelok,havelok,,appendix,,royal,13. a. xxi. ff. 113-117 b,13. a. xxi.,ff. 113-117 b,940,royal 13. a. xxi. ff. 113-117 b
havelok,havelok,,appendix,,royal,13. a. xxi. ff. 113-117 b,13. a. xxi.,ff. 113-117 b,940,royal 13. a. xxi. ff. 113-117 b
"life of harold, king of england","life of harold, king of england",,appendix,,harley,harley 3776. ff. 1-24 b,harley 3776.,ff. 1-24 b,941,harley 3776. ff. 1-24 b
richard coeur-de-lion,richard coeur-de-lion,,appendix,,additional,add. 31042 ff 125-163 b,add. 31042,ff125-163 b,944,additional add. 31042 ff 125-163 b
turpin's chronicle,turpin's chronicle,,appendix,,royal,4. c. xi. ff. 280-286 b,4. c. xi.,ff. 280-286 b,950,royal 4. c. xi. ff. 280-286 b
turpin's chronicle,turpin's chronicle,,appendix,,royal,13. d. i. ff. 212 b-222,13. d. i.,ff. 212 b-222,950,royal 13. d. i. ff. 212 b-222
turpin's chronicle,turpin's chronicle,,appendix,,cotton,caligula b. vii. ff. 192-203 b,caligula b. vii.,ff. 192-203 b,950,cotton caligula b. vii. ff. 192-203 b
turpin's chronicle,turpin's chronicle,,appendix,,cotton,nero a. xi. ff. 8-63,nero a. xi.,ff. 8-63,950,cotton nero a. xi. ff. 8-63
turpin's chronicle,turpin's chronicle,,appendix,,cotton,nero a. xi. ff. 8-63,nero a. xi.,ff. 8-63,950,cotton nero a. xi. ff. 8-63
turpin's chronicle,turpin's chronicle,,appendix,,cotton,vespasian a. xiii. ff. 94-114 b,vespasian a. xiii.,ff. 94-114 b,950,cotton vespasian a. xiii. ff. 94-114 b
turpin's chronicle,turpin's chronicle,,appendix,,cotton,titus a. xix. ff. 24-43,titus a. xix.,ff. 24-43,950,cotton titus a. xix. ff. 24-43
turpin's chronicle,turpin's chronicle,,appendix,,harley,harley 108. ff. 4 b-31 b,harley 108.,ff. 4 b-31 b,950,harley 108. ff. 4 b-31 b
turpin's chronicle,turpin's chronicle,,appendix,,harley,harley 273. ff. 86-102 b,harley 273.,ff. 86-102 b,950,harley 273. ff. 86-102 b
turpin's chronicle,turpin's chronicle,,appendix,,harley,harley 2361. ff. 138-139 b,harley 2361.,ff. 138-139 b,950,harley 2361. ff. 138-139 b
turpin's chronicle,turpin's chronicle,,appendix,,harley,harley 2500. ff. 139-155,harley 2500.,ff. 139-155,950,harley 2500. ff. 139-155
turpin's chronicle,turpin's chronicle,,appendix,,harley,harley 3043. ff. 17-31,harley 3043.,ff. 17-31,950,harley 3043. ff. 17-31
turpin's chronicle,turpin's chronicle,,appendix,,harley,harley 6358. ff. 60-83,harley 6358.,ff. 60-83,950,harley 6358. ff. 60-83
turpin's chronicle,turpin's chronicle,,appendix,,arundel,arundel 220. ff. 284-298 b,arundel 220.,ff. 284-298 b,950,arundel 220. ff. 284-298 b
turpin's chronicle,turpin's chronicle,,appendix,,additional,add. 6924. ff. 297-303,add. 6924.,ff. 297-303,950,additional add. 6924. ff. 297-303
turpin's chronicle,turpin's chronicle,,appendix,,additional,"add. 12,213. ff. 1-184 b","add. 12,213.",ff. 1-184 b,950,"additional add. 12,213. ff. 1-184 b"
turpin's chronicle,turpin's chronicle,,appendix,,additional,"add. 17,920. ff. 6 b-19 b","add. 17,920.",ff. 6 b-19 b,950,"additional add. 17,920. ff. 6 b-19 b"
turpin's chronicle,turpin's chronicle,,appendix,,additional,"add. 19,513. ff. 141-163","add. 19,513.",ff. 141-163,950,"additional add. 19,513. ff. 141-163"
itinerary to compostella,"tinctoris, compostella",,appendix,,additional,"add. 12,213. ff. 160 b-181 b","add. 12,213.",ff. 160 b-181 b,951,"additional add. 12,213. ff. 160 b-181 b"
siege of milan and sir otuel,,,appendix,,,,,,953,
,historia regum britanniae,,,,royal,4. c. xi. ff. 222-249,4. c. xi.,ff. 222-249,227,royal 4. c. xi. ff. 222-249
,historia regum britanniae,,,,royal,13. a. iii. ff. 1-133,13. a. iii.,ff. 1-133,237,royal 13. a. iii. ff. 1-133
,historia regum britanniae,,,,royal,13. a. v. ff. 99-161 b,13. a. v.,ff. 99-161 b,237,royal 13. a. v. ff. 99-161 b
,historia regum britanniae,,,,royal,13. d. i. ff. 175-212 b,13. d. i.,ff. 175-212 b,248,royal 13. d. i. ff. 175-212 b
,historia regum britanniae,,,,royal,13. d. ii. ff. 124-173 b,13. d. ii.,ff. 124-173 b,228,royal 13. d. ii. ff. 124-173 b
,historia regum britanniae,,,,royal,13. d. v. ff. 1-37 b,13. d. v.,ff. 1-37 b,229,royal 13. d. v. ff. 1-37 b
,historia regum britanniae,,,,cotton,nero d. viii. ff. 3-63,nero d. viii.,ff. 3-63,230,cotton nero d. viii. ff. 3-63
,historia regum britanniae,,,,cotton,galba e. xi. ff. 2-58 b,galba e. xi.,ff. 2-58 b,239,cotton galba e. xi. ff. 2-58 b
,historia regum britanniae,,,,cotton,vespasian a. xxiii. ff. 4-106 b,vespasian a. xxiii.,ff. 4-106 b,241,cotton vespasian a. xxiii. ff. 4-106 b
,historia regum britanniae,,,,cotton,vespasian e. x. ff. 271-368 b,vespasian e. x.,ff. 271-368 b,242,cotton vespasian e. x. ff. 271-368 b
,historia regum britanniae,,,,cotton,titus a. xviii. ff. 13-82,titus a. xviii.,ff. 13-82,243,cotton titus a. xviii. ff. 13-82
,historia regum britanniae,,,,cotton,titus a. xxv. ff. 105-116 b,titus a. xxv.,ff. 105-116 b,244,cotton titus a. xxv. ff. 105-116 b
,historia regum britanniae,,,,cotton,titus a. xxvii. ff. 1 b-87,titus a. xxvii.,ff. 1 b-87,231,cotton titus a. xxvii. ff. 1 b-87
,historia regum britanniae,,,,cotton,titus c. xvii.,titus c. xvii.,,203,cotton titus c. xvii.
,historia regum britanniae,,,,cotton,cleopatra d. viii. ff. 8-94,cleopatra d. viii.,ff. 8-94,249,cotton cleopatra d. viii. ff. 8-94
,historia regum britanniae,,,,harley,harley 225. ff. 3-78,harley 225.,ff. 3-78,222,harley 225. ff. 3-78
,historia regum britanniae,,,,harley,harley 536. ff. 58-61,harley 536.,ff. 58-61,226,harley 536. ff. 58-61
,historia regum britanniae,,,,harley,harley 3773. ff. 7-57,harley 3773.,ff. 7-57,223,harley 3773. ff. 7-57
,historia regum britanniae,,,,harley,harley 4003. ff. 81-141 b,harley 4003.,ff. 81-141 b,244,harley 4003. ff. 81-141 b
,historia regum britanniae,,,,harley,harley 4123. ff. 2-49 b,harley 4123.,ff. 2-49 b,236,harley 4123. ff. 2-49 b
,historia regum britanniae,,,,harley,harley 5115. ff. 87-150,harley 5115.,ff. 87-150,245,harley 5115. ff. 87-150
,historia regum britanniae,,,,harley,harley 6358. ff. 2-58 b,harley 6358.,ff. 2-58 b,235,harley 6358. ff. 2-58 b
,historia regum britanniae,,,,lansdowne,lansdowne 732. ff. 1-68 b,lansdowne 732.,ff. 1-68 b,233,lansdowne 732. ff. 1-68 b
,historia regum britanniae,,,,arundel,arundel 10,arundel 10,,224,arundel 10
,historia regum britanniae,,,,arundel,arundel 237,arundel 237,,241,arundel 237
,historia regum britanniae,,,,arundel,arundel 319. ff. 16-97 b,arundel 319.,ff. 16-97 b,232,arundel 319. ff. 16-97 b
,historia regum britanniae,,,,arundel,arundel 326. ff. 63-122 b,arundel 326.,ff. 63-122 b,246,arundel 326. ff. 63-122 b
,historia regum britanniae,,,,arundel,arundel 403,arundel 403,,225,arundel 403
,historia regum britanniae,,,,arundel,arundel 409. ff. 54-77,arundel 409.,ff. 54-77,233,arundel 409. ff. 54-77
,historia regum britanniae,,,,sloane,sloane 289. ff. 120-133,sloane 289.,ff. 120-133,250,sloane 289. ff. 120-133
,historia regum britanniae,,,,additional,"add. 11,702. ff. 11-88","add. 11,702.",ff. 11-88,247,"additional add. 11,702. ff. 11-88"
,historia regum britanniae,,,,additional,"add. 15,732","add. 15,732",,234,"additional add. 15,732"
,prophecy of merlin silvester,,,,royal,5. f. xv. ff. 3 b,5. f. xv.,ff. 3 b,313,royal 5. f. xv. ff. 3 b
,prophecy of merlin silvester,,,,royal,"13. a. iii. ff. 135 b, 136",13. a. iii.,"ff. 135 b, 136",315,"royal 13. a. iii. ff. 135 b, 136"
,letters between alexander and dindimus,,,,royal,6. e. iii. ff. 111 b-112 b,6. e. iii.,ff. 111 b-112 b,138,royal 6. e. iii. ff. 111 b-112 b
,letters between alexander and dindimus,,,,royal,7. a. i. ff. 68 b-69 b,7. a. i.,ff. 68 b-69 b,137,royal 7. a. i. ff. 68 b-69 b
,prophecies of merlin,,,,royal,8. d. iii. ff. 160 b-163,8. d. iii.,ff. 160 b-163,297,royal 8. d. iii. ff. 160 b-163
,prophecies of merlin,,,,cotton,"julius a. v. ff. 5, 53-57b, 177 b-179, and 180-181 b",julius a. v.,"ff. 5, 53-57b, 177 b-179, and 180-181 b",299,"cotton julius a. v. ff. 5, 53-57b, 177 b-179, and 180-181 b"
,prophecies of merlin,,,,cotton,tiberius a. ix. ff. 2-6,tiberius a. ix.,ff. 2-6,295,cotton tiberius a. ix. ff. 2-6
,prophecies of merlin,,,,cotton,caligula b. vii. ff. 220 b-231 b,caligula b. vii.,ff. 220 b-231 b,296,cotton caligula b. vii. ff. 220 b-231 b
,prophecies of merlin,,,,cotton,nero a. iv. ff. 63-76 b,nero a. iv.,ff. 63-76 b,297,cotton nero a. iv. ff. 63-76 b
,prophecies of merlin,,,,cotton,cleopatra c. iv. ff. 74-122,cleopatra c. iv.,ff. 74-122,310,cotton cleopatra c. iv. ff. 74-122
,prophecies of merlin,,,,cotton,faustina a. viii. ff. 109 b-116,faustina a. viii.,ff. 109 b-116,292,cotton faustina a. viii. ff. 109 b-116
,prophecies of merlin,,,,arundel,arundel 66. ff. 267-268 b and 291 b,arundel 66.,ff. 267-268 b and 291 b,301,arundel 66. ff. 267-268 b and 291 b
,prophecies of merlin,,,,additional,add. 6924. ff. 73-124 and 164-,add. 6924.,ff. 73-124 and 164-,304,additional add. 6924. ff. 73-124 and 164-
,prophecy on scotland,,,,royal,9. b. ix. ff. 2,9. b. ix.,ff. 2,327,royal 9. b. ix. ff. 2
,alexander the great,,,,royal,12. c. iv. ff. 138-170,12. c. iv.,ff. 138-170,112,royal 12. c. iv. ff. 138-170
,alexander the great,,,,royal,13. a. i.,13. a. i.,,106,royal 13. a. i.
,alexander the great,,,,royal,13. a. v. ff. 2-23 b,13. a. v.,ff. 2-23 b,118,royal 13. a. v. ff. 2-23 b
,alexander the great,,,,royal,13. c. xii. ff. 82-109 b,13. c. xii.,ff. 82-109 b,122,royal 13. c. xii. ff. 82-109 b
,alexander the great,,,,royal,15. c. vi. ff. 102 b-130 b,15. c. vi.,ff. 102 b-130 b,110,royal 15. c. vi. ff. 102 b-130 b
,alexander the great,,,,royal,15. e. vi. ff. 4 b-24 b,15. e. vi.,ff. 4 b-24 b,129,royal 15. e. vi. ff. 4 b-24 b
,alexander the great,,,,royal,19. d. i. ff. 1-46,19. d. i.,ff. 1-46,123,royal 19. d. i. ff. 1-46
,alexander the great,,,,royal,20. a. v.,20. a. v.,,125,royal 20. a. v.
,alexander the great,,,,royal,20. b. xx.,20. b. xx.,,128,royal 20. b. xx.
,alexander the great,,,,cotton,nero d. viii. ff. 160-174 b,nero d. viii.,ff. 160-174 b,113,cotton nero d. viii. ff. 160-174 b
,alexander the great,,,,cotton,galba e. xi. ff. 111-125,galba e. xi.,ff. 111-125,115,cotton galba e. xi. ff. 111-125
,alexander the great,,,,cotton,cleopatra d. v. ff. 165 b-183,cleopatra d. v.,ff. 165 b-183,114,cotton cleopatra d. v. ff. 165 b-183
,alexander the great,,,,harley,harley 527. ff. 47-56 b,harley 527.,ff. 47-56 b,113,harley 527. ff. 47-56 b
,alexander the great,,,,harley,harley 2682. ff. 180-192,harley 2682.,ff. 180-192,109,harley 2682. ff. 180-192
,alexander the great,,,,harley,harley 4979,harley 4979,,127,harley 4979
,alexander the great,,,,harley,harley 5054. ff. 124 b-181,harley 5054.,ff. 124 b-181,119,harley 5054. ff. 124 b-181
,alexander the great,,,,arundel,arundel 123. ff. 43-71,arundel 123.,ff. 43-71,120,arundel 123. ff. 43-71
,alexander the great,,,,burney,burney 280. ff. 1-20 b,burney 280.,ff. 1-20 b,118,burney 280. ff. 1-20 b
,alexander the great,,,,sloane,sloane 1619. ff. 3-17 b,sloane 1619.,ff. 3-17 b,112,sloane 1619. ff. 3-17 b
,alexander the great,,,,sloane,sloane 1785. ff. 2-13,sloane 1785.,ff. 2-13,131,sloane 1785. ff. 2-13
,prophecy,,,,royal,12. c. xii. ff. 14-16 b,12. c. xii.,ff. 14-16 b,316,royal 12. c. xii. ff. 14-16 b
,amya and amylion,,,,royal,12. c. xii. ff. 69-76,12. c. xii.,ff. 69-76,674,royal 12. c. xii. ff. 69-76
,story of troy,,,,royal,12. d. iii. ff. 152 b-158,12. d. iii.,ff. 152 b-158,34,royal 12. d. iii. ff. 152 b-158
,story of troy,,,,royal,"13. a. iv. ff. 22 b-23 b, 76-81 b",13. a. iv.,"ff. 22 b-23 b, 76-81 b",27,"royal 13. a. iv. ff. 22 b-23 b, 76-81 b"
,prophecies of merlin silvester,,,,royal,13. e. ix. ff. 27,13. e. ix.,ff. 27,314,royal 13. e. ix. ff. 27
,prophecies of merlin silvester,,,,royal,"15. c. xvi. ff. 183 b, 184",15. c. xvi.,"ff. 183 b, 184",313,"royal 15. c. xvi. ff. 183 b, 184"
,prophecies of merlin silvester,,,,cotton,cotton appendix iv. ff. 102 b,cotton appendix iv.,ff. 102 b,315,cotton appendix iv. ff. 102 b
,guy of warwick and heraud of ardennes,,,,royal,15. e. vi. ff. 227-272,15. e. vi.,ff. 227-272,487,royal 15. e. vi. ff. 227-272
,knight of the swan,,,,royal,15. e. vi. ff. 273-292,15. e. vi.,ff. 273-292,708,royal 15. e. vi. ff. 273-292
,knight of the swan,,,,cotton,caligula a. ii. ff. 125 b-129 b,caligula a. ii.,ff. 125 b-129 b,710,cotton caligula a. ii. ff. 125 b-129 b
,voyage of charlemagne to jerusalem and constantinople,,,,royal,16. e. ff. 131-144 b,16. e.,ff. 131-144 b,625,royal 16. e. ff. 131-144 b
,recueil des histoires de troie,,,,royal,17. e. ii.,17. e. ii.,,64,royal 17. e. ii.
,sir launfal,,,,cotton,caligula a. ii. ff. 35 b-42 b,caligula a. ii.,ff. 35 b-42 b,416,cotton caligula a. ii. ff. 35 b-42 b
,prophecy of merlin,,,,cotton,caligula b. vii. ff. 210-213,caligula b. vii.,ff. 210-213,303,cotton caligula b. vii. ff. 210-213
,prophecy of merlin,,,,cotton,titus d. vii. ff. 26-36,titus d. vii.,ff. 26-36,301,cotton titus d. vii. ff. 26-36
,prophecy of merlin,,,,cotton,cleopatra c. iv. ff. 55 b and 66-68 b,cleopatra c. iv.,ff. 55 b and 66-68 b,298,cotton cleopatra c. iv. ff. 55 b and 66-68 b
,prophecy of merlin,,,,harley,harley 838. ff. 92-93 b,harley 838.,ff. 92-93 b,302,harley 838. ff. 92-93 b
,prophecy of merlin,,,,additional,"add. 25,014. ff. 119 b, col. 2","add. 25,014.","ff. 119 b, col. 2",292,"additional add. 25,014. ff. 119 b, col. 2"
,prophecies,,,,cotton,"claudius e. viii. ff. 1 b, 23",claudius e. viii.,"ff. 1 b, 23",317,"cotton claudius e. viii. ff. 1 b, 23"
,prophecies,,,,cotton,titus d. xix. ff. 118,titus d. xix.,ff. 118,319,cotton titus d. xix. ff. 118
,prophecies,,,,cotton,"faustina b. ix. ff. 241 b, 242",faustina b. ix.,"ff. 241 b, 242",319,"cotton faustina b. ix. ff. 241 b, 242"
,merlin's prophecy of the six kings,,,,cotton,"galba e. ix. ff. 49, 50",galba e. ix.,"ff. 49, 50",309,"cotton galba e. ix. ff. 49, 50"
,merlin's prophecy of the six kings,,,,harley,harley 746. ff. 1 b-3,harley 746.,ff. 1 b-3,309,harley 746. ff. 1 b-3
,lisamon's brut,,,,cotton,otho c. xiii.,otho c. xiii.,,271,cotton otho c. xiii.
,floyras and blanchefleur,,,,cotton,vitellius d. iii. ff. 6-8 b,vitellius d. iii.,ff. 6-8 b,716,cotton vitellius d. iii. ff. 6-8 b
,ipomodon,,,,cotton,vespasian a. vii. ff. 37-104,vespasian a. vii.,ff. 37-104,728,cotton vespasian a. vii. ff. 37-104
,lanval,,,,cotton,vespasian b. xiv. ff. 1-8 b,vespasian b. xiv.,ff. 1-8 b,415,cotton vespasian b. xiv. ff. 1-8 b
,fall of troy,,,,cotton,"vespasian b. xiv. ff. 18, 18 b",vespasian b. xiv.,"ff. 18, 18 b",31,"cotton vespasian b. xiv. ff. 18, 18 b"
,fall of troy,,,,cotton,cleopatra a. viii. ff. 56-58,cleopatra a. viii.,ff. 56-58,30,cotton cleopatra a. viii. ff. 56-58
,fall of troy,,,,harley,harley 3202. ff. 114 b-115 b,harley 3202.,ff. 114 b-115 b,32,harley 3202. ff. 114 b-115 b
,fall of troy and adventures of æneas,,,,cotton,vespasian b. xxiii. part iii. ff. 118 b-122 b,vespasian b. xxiii. part iii.,ff. 118 b-122 b,33,cotton vespasian b. xxiii. part iii. ff. 118 b-122 b
,two prophecies,,,,cotton,vespasian d. xviii. ff. 125 b-127* b,vespasian d. xviii.,ff. 125 b-127* b,325,cotton vespasian d. xviii. ff. 125 b-127* b
,"prophecies of merlin, etc.",,,,cotton,"vespasian e. vii. ff. 78-126, 129, 130",vespasian e. vii.,"ff. 78-126, 129, 130",320,"cotton vespasian e. vii. ff. 78-126, 129, 130"
,whole prophecy of scotland,,,,cotton,vespasian e. viii. ff. 16-29,vespasian e. viii.,ff. 16-29,337,cotton vespasian e. viii. ff. 16-29
,whole prophecy of scotland,,,,sloane,sloane 1802,sloane 1802,,334,sloane 1802
,story of troy and adventures of æneas,,,,cotton,titus a. xx. ff. 99-104,titus a. xx.,ff. 99-104,29,cotton titus a. xx. ff. 99-104
,brut y brenhinoedd,,,,cotton,cleopatra b. v. ff. 1-108 b,cleopatra b. v.,ff. 1-108 b,255,cotton cleopatra b. v. ff. 1-108 b
,"prophecy of the lily, the lion, and the son of man",,,,cotton,cleopatra d. iii. ff. 184,cleopatra d. iii.,ff. 184,318,cotton cleopatra d. iii. ff. 184
,"prophecy of the lily, the lion, and the son of man",,,,harley,harley 1008. ff. 81,harley 1008.,ff. 81,318,harley 1008. ff. 81
,four prophecies,,,,cotton,cotton roll ii. 23,cotton roll ii. 23,,324,cotton roll ii. 23
,political prophecies,,,,harley,"harley 559. ff. 1-13, 31-35, 39-48",harley 559.,"ff. 1-13, 31-35, 39-48",326,"harley 559. ff. 1-13, 31-35, 39-48"
,six fabliaux,,,,harley,"harley 2253. ff. 67 b, 107 b, 110, 115 b, 118, 122 b",harley 2253.,"ff. 67 b, 107 b, 110, 115 b, 118, 122 b",813,"harley 2253. ff. 67 b, 107 b, 110, 115 b, 118, 122 b"
,prophecy of thomas of erceldoune,,,,harley,"harley 2253. ff. 127, col. 2",harley 2253.,"ff. 127, col. 2",328,"harley 2253. ff. 127, col. 2"
,letter of dindimus to alexander the great,,,,harley,harley 2488. ff. 114-117 b,harley 2488.,ff. 114-117 b,139,harley 2488. ff. 114-117 b
,letter of dindimus to alexander the great,,,,arundel,"arundel 138. ff. 126, 126 b",arundel 138.,"ff. 126, 126 b",140,"arundel 138. ff. 126, 126 b"
,letter of dindimus to alexander the great,,,,sloane,sloane 3991. ff. 95-97,sloane 3991.,ff. 95-97,140,sloane 3991. ff. 95-97
,l'ordène de chevalerie,,,,harley,harley 4333. ff. 115-117 b,harley 4333.,ff. 115-117 b,810,harley 4333. ff. 115-117 b
,richard cœur-de-lion,,,,harley,harley 4690. ff. 106-115,harley 4690.,ff. 106-115,949,harley 4690. ff. 106-115
,prophecies taken from geoffrey of monmouth and others,,,,harley,harley 6148. ff. 86-98 b,harley 6148.,ff. 86-98 b,311,harley 6148. ff. 86-98 b
,kings of britain,,,,lansdowne,lansdowne 214. ff. 85-193,lansdowne 214.,ff. 85-193,251,lansdowne 214. ff. 85-193
,abridgement of historia trojana,,,,lansdowne,lansdowne 380. ff. 36-39 b,lansdowne 380.,ff. 36-39 b,59,lansdowne 380. ff. 36-39 b
,chanson de roland,,,,lansdowne,lansdowne 388. ff. 381-395 b,lansdowne 388.,ff. 381-395 b,631,lansdowne 388. ff. 381-395 b
,chanson d'aspremont,,,,lansdowne,lansdowne 782,lansdowne 782,,600,lansdowne 782
,"prophecies of merlin, gildas, and thomas of ercildoune",,,,arundel,arundel 57. ff. 4 b-11,arundel 57.,ff. 4 b-11,307,arundel 57. ff. 4 b-11
,life of robin hood,,,,sloane,sloane 780. ff. 46-48 b,sloane 780.,ff. 46-48 b,517,sloane 780. ff. 46-48 b
,collection of prophecies,,,,sloane,sloane 2578,sloane 2578,,333,sloane 2578
,five romantic tales,,,,additional,"add. 4857. ff. 89, 97 b, 110, 134, 139 b",add. 4857.,"ff. 89, 97 b, 110, 134, 139 b",841,"additional add. 4857. ff. 89, 97 b, 110, 134, 139 b"
,ívents saga,,,,additional,add. 4857. ff. 113 b-133 b,add. 4857.,ff. 113 b-133 b,393,additional add. 4857. ff. 113 b-133 b
,ívents saga,,,,additional,add. 4857. ff. 32-45 b,add. 4857.,ff. 32-45 b,393,additional add. 4857. ff. 32-45 b
,ívents saga,,,,additional,add. 4859. ff. 32-45 b,add. 4859.,ff. 32-45 b,394,additional add. 4859. ff. 32-45 b
,eight romantic tales,,,,additional,"add. 4859. ff. 10, 15, 142 b, 240, 313, 314, 344 b, 367",add. 4859.,"ff. 10, 15, 142 b, 240, 313, 314, 344 b, 367",843,"additional add. 4859. ff. 10, 15, 142 b, 240, 313, 314, 344 b, 367"
,eight romantic tales,,,,additional,"add. 4859. ff. 10, 15, 142 b, 240, 813, 314, 344 b, 367",add. 4859.,"ff. 10, 15, 142 b, 240, 813, 314, 344 b, 367",843,"additional add. 4859. ff. 10, 15, 142 b, 240, 813, 314, 344 b, 367"
,eight romantic tales,,,,additional,"add. 4860. ff. 1, 17, 29, 95, 273, 285, 293, 329",add. 4860.,"ff. 1, 17, 29, 95, 273, 285, 293, 329",846,"additional add. 4860. ff. 1, 17, 29, 95, 273, 285, 293, 329"
,parcevals saga and valvers þáttr,,,,additional,add. 4859. ff. 46-65 b,add. 4859.,ff. 46-65 b,395,additional add. 4859. ff. 46-65 b
,möttuls saga,,,,additional,add. 4859. ff. 75-81,add. 4859.,ff. 75-81,405,additional add. 4859. ff. 75-81
,partalópa saga,,,,additional,add. 4860. ff. 189-206,add. 4860.,ff. 189-206,707,additional add. 4860. ff. 189-206
,seven romantic tales,,,,additional,"add. 4863. ff. 25, 69, 119, 153, 181, 189, 229",add. 4863.,"ff. 25, 69, 119, 153, 181, 189, 229",847,"additional add. 4863. ff. 25, 69, 119, 153, 181, 189, 229"
,three romantic tales,,,,additional,"add. 4870. ff. 62, 69, 83 b",add. 4870.,"ff. 62, 69, 83 b",851,"additional add. 4870. ff. 62, 69, 83 b"
,three romantic tales,,,,additional,"add. 4874. ff. 98 b, 110, 138",add. 4874.,"ff. 98 b, 110, 138",852,"additional add. 4874. ff. 98 b, 110, 138"
,three romantic tales,,,,additional,"add. 4875. ff. 1, 25 b, 54 b",add. 4875.,"ff. 1, 25 b, 54 b",854,"additional add. 4875. ff. 1, 25 b, 54 b"
,saga of ajax frækni,,,,additional,add. 4884. ff. 167-178,add. 4884.,ff. 167-178,854,additional add. 4884. ff. 167-178
,merlínus spá,,,,additional,add. 6121. ff. 55-71,add. 6121.,ff. 55-71,304,additional add. 6121. ff. 55-71
,juglet,,,,additional,"add. 10,289. ff. 175 b-178 b","add. 10,289.",ff. 175 b-178 b,812,"additional add. 10,289. ff. 175 b-178 b"
,fioccolo,,,,additional,"add. 10,296","add. 10,296",,724,"additional add. 10,296"
,rimur of remund,,,,additional,"add. 11,110. ff. 101-144","add. 11,110.",ff. 101-144,855,"additional add. 11,110. ff. 101-144"
,collection of anecdotes,,,,additional,"add. 11,153. ff. 182-263","add. 11,153.",ff. 182-263,865,"additional add. 11,153. ff. 182-263"
,valentine and orson and tales,,,,additional,"add. 11,157. ff. 90, 176, 188","add. 11,157.","ff. 90, 176, 188",857,"additional add. 11,157. ff. 90, 176, 188"
,ten romantic tales,,,,additional,"add. 11,158. ff. 1, 24, 83, 71, 123, 201, 233, 251, 261 b, 268, 289","add. 11,158.","ff. 1, 24, 83, 71, 123, 201, 233, 251, 261 b, 268, 289",858,"additional add. 11,158. ff. 1, 24, 83, 71, 123, 201, 233, 251, 261 b, 268, 289"
,patient griselda,,,,additional,"add. 11,163. ff. 120 b-136 b","add. 11,163.",ff. 120 b-136 b,865,"additional add. 11,163. ff. 120 b-136 b"
,argenis,,,,additional,"add. 11,164","add. 11,164",,866,"additional add. 11,164"
,merlinus spá,,,,additional,"add. 11,174. ff. 85-98","add. 11,174.",ff. 85-98,307,"additional add. 11,174. ff. 85-98"
,brut gruffydd ap arthur,,,,additional,"add. 14,903. ff. 20-177","add. 14,903.",ff. 20-177,258,"additional add. 14,903. ff. 20-177"
,brut gruffydd ap arthur,,,,additional,"add. 19,709. ff. 8-84","add. 19,709.",ff. 8-84,257,"additional add. 19,709. ff. 8-84"
,extracts from brut y brenhinoedd,,,,additional,"add. 15,003. ff. 1-13","add. 15,003.",ff. 1-13,259,"additional add. 15,003. ff. 1-13"
,isarles y ffynnawn,,,,additional,"add. 15,035. ff. 57-61","add. 15,035.",ff. 57-61,393,"additional add. 15,035. ff. 57-61"
,brut tyailio,,,,additional,"add. 15,566. ff. 6-140","add. 15,566.",ff. 6-140,254,"additional add. 15,566. ff. 6-140"
,voeux du paon and restor du paon,,,,additional,"add. 16,888","add. 16,888",,150,"additional add. 16,888"
,amis and amylion,,,,additional,"add. 18,922. ff. 204-221 b","add. 18,922.",ff. 204-221 b,678,"additional add. 18,922. ff. 204-221 b"
,may colvin,,,,additional,"add. 20,094. ff. 21-26, 30-32 b","add. 20,094.","ff. 21-26, 30-32 b",544,"additional add. 20,094. ff. 21-26, 30-32 b"
,the king of tars and the soudan of damas,,,,additional,"add. 22,283. ff. 126-128 b","add. 22,283.",ff. 126-128 b,767,"additional add. 22,283. ff. 126-128 b"
,nine romantic tales,,,,additional,"add. 24,969. ff. 25, 62, 69 b, 74, 78 b, 83, 94, 209, 270","add. 24,969.","ff. 25, 62, 69 b, 74, 78 b, 83, 94, 209, 270",867,"additional add. 24,969. ff. 25, 62, 69 b, 74, 78 b, 83, 94, 209, 270"
,story of sigurgaror,,,,additional,"add. 24,970","add. 24,970",,871,"additional add. 24,970"
,fertrams saga,,,,additional,"add. 24,972. ff. 58-72 b","add. 24,972.",ff. 58-72 b,872,"additional add. 24,972. ff. 58-72 b"
,"the grene knight, turke and gowin, the marriage of sir gawaine",,,,additional,"add. 27879. ff. 17 b-24 b, 101 b-105, 223 b-226 b",add. 27879.,"ff. 17 b-24 b, 101 b-105, 223 b-226 b",389,"additional add. 27879. ff. 17 b-24 b, 101 b-105, 223 b-226 b"
,sir lambewell,,,,additional,add. 27879. ff. 29 b-33 b,add. 27879.,ff. 29 b-33 b,417,additional add. 27879. ff. 29 b-33 b
,guye and amarant,,,,additional,add. 27879 ff. 110-117,add. 27879,ff. 110-117,499,additional add. 27879 ff. 110-117
,three ballads of forest life,,,,additional,add. 27879 ff. 117 b-210,add. 27879,ff. 117 b-210,523,additional add. 27879 ff. 117 b-210
,guy and phillis,,,,additional,add. 27879 ff. 126,add. 27879,ff. 126,500,additional add. 27879 ff. 126
,robin hood ballad,,,,additional,add. 27879 ff. 129-180 b,add. 27879,ff. 129-180 b,520,additional add. 27879 ff. 129-180 b
,libius disconius,,,,additional,add. 27879 ff 156 b-171,add. 27879,ff156 b-171,401,additional add. 27879 ff 156 b-171
,guy and colebrande,,,,additional,add. 27879 ff 172 b-176b,add. 27879,ff172 b-176b,500,additional add. 27879 ff 172 b-176b
,two ballads relating to adam bell,,,,additional,add. 27879 ff 194-201,add. 27879,ff194-201,522,additional add. 27879 ff 194-201
,a propecye,,,,additional,add. 27879 f 239 b,add. 27879 f 239 b,,327,additional add. 27879 f 239 b
,robin hood's garland,,,,additional,add. 28638,add. 28638,,520,additional add. 28638
,ballads of scotland,,,,additional,"add. 29408, 29409","add. 29408, 29409",,537,"additional add. 29408, 29409"
,two charlemagne romances,,,,additional,"add. 31042 ff 66 b-79 b, 82-94",add. 31042,"ff66 b-79 b, 82-94",953,"additional add. 31042 ff 66 b-79 b, 82-94"
,ipomedon and prothesilaus,,,,egerton,egerton 2515 ff. 3-141,egerton 2515,ff. 3-141,746,egerton 2515 ff. 3-141
